exception,location,date,temperature,pressure,humidity,pm1,pm2,pm10,gas,tvoc,eco2
,NO LOCATION,,0.00,0.00,0.00,0.00,0.00,0.00,0.00,0.00,0.00
,NO LOCATION,,0.00,0.00,0.00,0.00,0.00,0.00,0.00,0.00,0.00
,NO LOCATION,2024-08-25 00:08:33,34.22°C,1007.86hPa,71.86%,0.00,0.00,0.00,384.12kOhms,0.00,0.00
,NO LOCATION,2024-08-25 00:08:35,34.21°C,1007.87hPa,71.83%,0.00,0.00,0.00,383.90kOhms,0.00,0.00
,NO LOCATION,2024-08-25 00:08:36,34.21°C,1007.87hPa,71.76%,0.00,0.00,0.00,385.23kOhms,0.00,0.00
,NO LOCATION,2024-08-25 00:08:36,34.21°C,1007.87hPa,71.76%,0.00,0.00,0.00,385.23kOhms,0.00,0.00
,NO LOCATION,2024-08-25 00:08:37,34.20°C,1007.87hPa,71.69%,0.00,0.00,0.00,383.68kOhms,0.00,0.00
,NO LOCATION,2024-08-25 00:08:39,34.19°C,1007.87hPa,71.62%,0.00,0.00,0.00,383.68kOhms,0.00,0.00
,NO LOCATION,2024-08-25 00:08:40,34.18°C,1007.87hPa,71.56%,0.00,0.00,0.00,386.57kOhms,0.00,0.00
,NO LOCATION,2024-08-25 00:08:40,34.18°C,1007.87hPa,71.56%,0.00,0.00,0.00,386.57kOhms,0.00,0.00
,NO LOCATION,2024-08-25 00:08:42,34.17°C,1007.87hPa,71.53%,0.00,0.00,0.00,385.45kOhms,0.00,0.00
,NO LOCATION,2024-08-25 00:08:43,34.16°C,1007.87hPa,71.50%,0.00,0.00,0.00,388.14kOhms,0.00,0.00
,NO LOCATION,2024-08-25 00:08:44,34.15°C,1007.87hPa,71.51%,0.00,0.00,0.00,386.35kOhms,0.00,0.00
,NO LOCATION,2024-08-25 00:08:44,34.15°C,1007.87hPa,71.51%,0.00,0.00,0.00,386.35kOhms,0.00,0.00
,NO LOCATION,2024-08-25 00:08:46,34.15°C,1007.87hPa,71.50%,0.00,0.00,0.00,386.35kOhms,0.00,0.00
,NO LOCATION,2024-08-25 00:08:47,34.14°C,1007.87hPa,71.51%,0.00,0.00,0.00,386.57kOhms,0.00,0.00
,NO LOCATION,2024-08-25 00:08:47,34.14°C,1007.87hPa,71.51%,0.00,0.00,0.00,386.57kOhms,0.00,0.00
,NO LOCATION,2024-08-25 00:08:48,34.13°C,1007.86hPa,71.49%,0.00,0.00,0.00,384.79kOhms,0.00,0.00
,NO LOCATION,2024-08-25 00:08:50,34.12°C,1007.85hPa,71.50%,0.00,0.00,0.00,384.56kOhms,0.00,0.00
,NO LOCATION,2024-08-25 00:08:51,34.11°C,1007.85hPa,71.48%,0.00,0.00,0.00,387.69kOhms,0.00,0.00
,NO LOCATION,2024-08-25 00:08:51,34.11°C,1007.85hPa,71.48%,0.00,0.00,0.00,387.69kOhms,0.00,0.00
,NO LOCATION,2024-08-25 00:08:53,34.11°C,1007.85hPa,71.45%,0.00,0.00,0.00,387.69kOhms,0.00,0.00
,NO LOCATION,2024-08-25 00:08:54,34.10°C,1007.85hPa,71.40%,0.00,0.00,0.00,387.24kOhms,0.00,0.00
,NO LOCATION,2024-08-25 00:08:55,34.09°C,1007.85hPa,71.41%,0.00,0.00,0.00,387.69kOhms,0.00,0.00
,NO LOCATION,2024-08-25 00:08:55,34.09°C,1007.85hPa,71.41%,0.00,0.00,0.00,387.69kOhms,0.00,0.00
,NO LOCATION,2024-08-25 00:08:57,34.08°C,1007.85hPa,71.41%,0.00,0.00,0.00,386.57kOhms,0.00,0.00
,NO LOCATION,2024-08-25 00:08:58,34.07°C,1007.86hPa,71.48%,0.00,0.00,0.00,387.02kOhms,0.00,0.00
,NO LOCATION,2024-08-25 00:08:59,34.07°C,1007.86hPa,71.53%,0.00,0.00,0.00,387.24kOhms,0.00,0.00
,NO LOCATION,2024-08-25 00:08:59,34.07°C,1007.86hPa,71.53%,0.00,0.00,0.00,387.24kOhms,0.00,0.00
,NO LOCATION,2024-08-25 00:09:01,34.06°C,1007.86hPa,71.58%,0.00,0.00,0.00,387.92kOhms,0.00,0.00
,NO LOCATION,2024-08-25 00:09:02,34.05°C,1007.86hPa,71.61%,0.00,0.00,0.00,386.57kOhms,0.00,0.00
,NO LOCATION,2024-08-25 00:09:02,34.05°C,1007.86hPa,71.61%,0.00,0.00,0.00,386.57kOhms,0.00,0.00
,NO LOCATION,2024-08-25 00:09:03,34.05°C,1007.85hPa,71.64%,0.00,0.00,0.00,387.02kOhms,0.00,0.00
,NO LOCATION,2024-08-25 00:09:05,34.04°C,1007.85hPa,71.65%,0.00,0.00,0.00,384.12kOhms,0.00,0.00
,NO LOCATION,2024-08-25 00:09:06,34.03°C,1007.85hPa,71.67%,0.00,0.00,0.00,386.79kOhms,0.00,0.00
,NO LOCATION,2024-08-25 00:09:06,34.03°C,1007.85hPa,71.67%,0.00,0.00,0.00,386.79kOhms,0.00,0.00
,NO LOCATION,2024-08-25 00:09:08,34.02°C,1007.86hPa,71.71%,0.00,0.00,0.00,385.68kOhms,0.00,0.00
,NO LOCATION,2024-08-25 00:09:09,34.01°C,1007.85hPa,71.72%,0.00,0.00,0.00,385.68kOhms,0.00,0.00
,NO LOCATION,2024-08-25 00:09:10,34.00°C,1007.86hPa,71.75%,0.00,0.00,0.00,387.24kOhms,0.00,0.00
,NO LOCATION,2024-08-25 00:09:10,34.00°C,1007.86hPa,71.75%,0.00,0.00,0.00,387.24kOhms,0.00,0.00
,NO LOCATION,2024-08-25 00:09:12,33.99°C,1007.86hPa,71.76%,0.00,0.00,0.00,385.90kOhms,0.00,0.00
,NO LOCATION,2024-08-25 00:09:13,33.98°C,1007.85hPa,71.78%,0.00,0.00,0.00,384.12kOhms,0.00,0.00
,NO LOCATION,2024-08-25 00:09:14,33.97°C,1007.85hPa,71.79%,0.00,0.00,0.00,385.01kOhms,0.00,0.00
,NO LOCATION,2024-08-25 00:09:14,33.97°C,1007.85hPa,71.79%,0.00,0.00,0.00,385.01kOhms,0.00,0.00
,NO LOCATION,2024-08-25 00:09:16,33.96°C,1007.84hPa,71.82%,0.00,0.00,0.00,387.92kOhms,0.00,0.00
,NO LOCATION,2024-08-25 00:09:17,33.95°C,1007.84hPa,71.85%,0.00,0.00,0.00,386.57kOhms,0.00,0.00
,NO LOCATION,2024-08-25 00:09:17,33.95°C,1007.84hPa,71.85%,0.00,0.00,0.00,386.57kOhms,0.00,0.00
,NO LOCATION,2024-08-25 00:09:19,33.95°C,1007.84hPa,71.88%,0.00,0.00,0.00,385.90kOhms,0.00,0.00
,NO LOCATION,2024-08-25 00:09:20,33.94°C,1007.84hPa,71.89%,0.00,0.00,0.00,385.23kOhms,0.00,0.00
,NO LOCATION,2024-08-25 00:09:21,33.93°C,1007.85hPa,71.93%,0.00,0.00,0.00,388.82kOhms,0.00,0.00
,NO LOCATION,2024-08-25 00:09:21,33.93°C,1007.85hPa,71.93%,0.00,0.00,0.00,388.82kOhms,0.00,0.00
,NO LOCATION,2024-08-25 00:09:23,33.93°C,1007.85hPa,71.95%,0.00,0.00,0.00,386.35kOhms,0.00,0.00
,NO LOCATION,2024-08-25 00:09:24,33.92°C,1007.85hPa,71.98%,0.00,0.00,0.00,385.68kOhms,0.00,0.00
,NO LOCATION,2024-08-25 00:09:25,33.91°C,1007.85hPa,72.02%,0.00,0.00,0.00,383.90kOhms,0.00,0.00
,NO LOCATION,2024-08-25 00:09:25,33.91°C,1007.85hPa,72.02%,0.00,0.00,0.00,383.90kOhms,0.00,0.00
,NO LOCATION,2024-08-25 00:09:27,33.91°C,1007.85hPa,72.06%,0.00,0.00,0.00,386.12kOhms,0.00,0.00
,NO LOCATION,2024-08-25 00:09:28,33.90°C,1007.85hPa,72.09%,0.00,0.00,0.00,385.23kOhms,0.00,0.00
,NO LOCATION,2024-08-25 00:09:29,33.90°C,1007.85hPa,72.11%,0.00,0.00,0.00,385.01kOhms,0.00,0.00
,NO LOCATION,2024-08-25 00:09:29,33.90°C,1007.85hPa,72.11%,0.00,0.00,0.00,385.01kOhms,0.00,0.00
,NO LOCATION,2024-08-25 00:09:31,33.90°C,1007.84hPa,72.14%,0.00,0.00,0.00,384.79kOhms,0.00,0.00
,NO LOCATION,2024-08-25 00:09:32,33.90°C,1007.83hPa,72.18%,0.00,0.00,0.00,386.79kOhms,0.00,0.00
,NO LOCATION,2024-08-25 00:09:32,33.90°C,1007.83hPa,72.18%,0.00,0.00,0.00,386.79kOhms,0.00,0.00
,NO LOCATION,2024-08-25 00:09:34,33.90°C,1007.84hPa,72.22%,0.00,0.00,0.00,386.35kOhms,0.00,0.00
,NO LOCATION,2024-08-25 00:09:35,33.90°C,1007.84hPa,72.24%,0.00,0.00,0.00,383.90kOhms,0.00,0.00
,NO LOCATION,2024-08-25 00:09:36,33.89°C,1007.84hPa,72.27%,0.00,0.00,0.00,384.79kOhms,0.00,0.00
,NO LOCATION,2024-08-25 00:09:36,33.89°C,1007.84hPa,72.27%,0.00,0.00,0.00,384.79kOhms,0.00,0.00
,NO LOCATION,2024-08-25 00:09:38,33.89°C,1007.84hPa,72.29%,0.00,0.00,0.00,386.79kOhms,0.00,0.00
,NO LOCATION,2024-08-25 00:09:39,33.89°C,1007.83hPa,72.30%,0.00,0.00,0.00,384.12kOhms,0.00,0.00
,NO LOCATION,2024-08-25 00:09:40,33.88°C,1007.83hPa,72.33%,0.00,0.00,0.00,389.50kOhms,0.00,0.00
,NO LOCATION,2024-08-25 00:09:40,33.88°C,1007.83hPa,72.33%,0.00,0.00,0.00,389.50kOhms,0.00,0.00
,NO LOCATION,2024-08-25 00:09:42,33.88°C,1007.83hPa,72.34%,0.00,0.00,0.00,385.68kOhms,0.00,0.00
,NO LOCATION,2024-08-25 00:09:43,33.88°C,1007.83hPa,72.37%,0.00,0.00,0.00,385.45kOhms,0.00,0.00
,NO LOCATION,2024-08-25 00:09:45,33.87°C,1007.83hPa,72.40%,0.00,0.00,0.00,387.47kOhms,0.00,0.00
,NO LOCATION,2024-08-25 00:09:45,33.87°C,1007.83hPa,72.40%,0.00,0.00,0.00,387.47kOhms,0.00,0.00
,NO LOCATION,2024-08-25 00:09:46,33.87°C,1007.84hPa,72.45%,0.00,0.00,0.00,386.57kOhms,0.00,0.00
,NO LOCATION,2024-08-25 00:09:47,33.86°C,1007.84hPa,72.48%,0.00,0.00,0.00,385.01kOhms,0.00,0.00
,NO LOCATION,2024-08-25 00:09:47,33.86°C,1007.84hPa,72.48%,0.00,0.00,0.00,385.01kOhms,0.00,0.00
,NO LOCATION,2024-08-25 00:09:49,33.85°C,1007.84hPa,72.56%,0.00,0.00,0.00,386.12kOhms,0.00,0.00
,NO LOCATION,2024-08-25 00:09:50,33.85°C,1007.83hPa,72.59%,0.00,0.00,0.00,386.12kOhms,0.00,0.00
,NO LOCATION,2024-08-25 00:09:51,33.84°C,1007.83hPa,72.63%,0.00,0.00,0.00,385.23kOhms,0.00,0.00
,NO LOCATION,2024-08-25 00:09:51,33.84°C,1007.83hPa,72.63%,0.00,0.00,0.00,385.23kOhms,0.00,0.00
,NO LOCATION,2024-08-25 00:09:53,33.83°C,1007.83hPa,72.67%,0.00,0.00,0.00,387.92kOhms,0.00,0.00
,NO LOCATION,2024-08-25 00:09:54,33.83°C,1007.82hPa,72.72%,0.00,0.00,0.00,386.79kOhms,0.00,0.00
,NO LOCATION,2024-08-25 00:09:55,33.82°C,1007.82hPa,72.74%,0.00,0.00,0.00,387.02kOhms,0.00,0.00
,NO LOCATION,2024-08-25 00:09:55,33.82°C,1007.82hPa,72.74%,0.00,0.00,0.00,387.02kOhms,0.00,0.00
,NO LOCATION,2024-08-25 00:09:57,33.81°C,1007.81hPa,72.78%,0.00,0.00,0.00,386.12kOhms,0.00,0.00
,NO LOCATION,2024-08-25 00:09:58,33.81°C,1007.81hPa,72.83%,0.00,0.00,0.00,386.57kOhms,0.00,0.00
,NO LOCATION,2024-08-25 00:10:00,33.80°C,1007.81hPa,72.85%,0.00,0.00,0.00,386.12kOhms,0.00,0.00
,NO LOCATION,2024-08-25 00:10:00,33.80°C,1007.81hPa,72.85%,0.00,0.00,0.00,386.12kOhms,0.00,0.00
,NO LOCATION,2024-08-25 00:10:01,33.80°C,1007.82hPa,72.88%,0.00,0.00,0.00,385.68kOhms,0.00,0.00
,NO LOCATION,2024-08-25 00:10:02,33.79°C,1007.82hPa,72.92%,0.00,0.00,0.00,386.12kOhms,0.00,0.00
,NO LOCATION,2024-08-25 00:10:02,33.79°C,1007.82hPa,72.92%,0.00,0.00,0.00,386.12kOhms,0.00,0.00
,NO LOCATION,2024-08-25 00:10:04,33.79°C,1007.83hPa,72.96%,0.00,0.00,0.00,387.02kOhms,0.00,0.00
,NO LOCATION,2024-08-25 00:10:05,33.78°C,1007.83hPa,73.00%,0.00,0.00,0.00,384.56kOhms,0.00,0.00
,NO LOCATION,2024-08-25 00:10:06,33.78°C,1007.83hPa,73.06%,0.00,0.00,0.00,385.01kOhms,0.00,0.00
,NO LOCATION,2024-08-25 00:10:06,33.78°C,1007.83hPa,73.06%,0.00,0.00,0.00,385.01kOhms,0.00,0.00
,NO LOCATION,2024-08-25 00:10:08,33.77°C,1007.82hPa,73.11%,0.00,0.00,0.00,387.02kOhms,0.00,0.00
,NO LOCATION,2024-08-25 00:10:09,33.77°C,1007.82hPa,73.17%,0.00,0.00,0.00,386.57kOhms,0.00,0.00
,NO LOCATION,2024-08-25 00:10:11,33.77°C,1007.83hPa,73.22%,0.00,0.00,0.00,386.57kOhms,0.00,0.00
,NO LOCATION,2024-08-25 00:10:11,33.77°C,1007.83hPa,73.22%,0.00,0.00,0.00,386.57kOhms,0.00,0.00
,NO LOCATION,2024-08-25 00:10:12,33.77°C,1007.83hPa,73.27%,0.00,0.00,0.00,385.90kOhms,0.00,0.00
,NO LOCATION,2024-08-25 00:10:13,33.77°C,1007.83hPa,73.31%,0.00,0.00,0.00,385.01kOhms,0.00,0.00
,NO LOCATION,2024-08-25 00:10:15,33.79°C,1007.84hPa,73.35%,0.00,0.00,0.00,385.45kOhms,0.00,0.00
,NO LOCATION,2024-08-25 00:10:15,33.79°C,1007.84hPa,73.35%,0.00,0.00,0.00,385.45kOhms,0.00,0.00
,NO LOCATION,2024-08-25 00:10:16,33.80°C,1007.84hPa,73.35%,0.00,0.00,0.00,386.12kOhms,0.00,0.00
,NO LOCATION,2024-08-25 00:10:17,33.80°C,1007.84hPa,73.38%,0.00,0.00,0.00,385.23kOhms,0.00,0.00
,NO LOCATION,2024-08-25 00:10:17,33.80°C,1007.84hPa,73.38%,0.00,0.00,0.00,385.23kOhms,0.00,0.00
,NO LOCATION,2024-08-25 00:10:19,33.80°C,1007.84hPa,73.37%,0.00,0.00,0.00,385.68kOhms,0.00,0.00
,NO LOCATION,2024-08-25 00:10:20,33.81°C,1007.84hPa,73.39%,0.00,0.00,0.00,383.68kOhms,0.00,0.00
,NO LOCATION,2024-08-25 00:10:22,33.81°C,1007.83hPa,73.41%,0.00,0.00,0.00,387.92kOhms,0.00,0.00
,NO LOCATION,2024-08-25 00:10:22,33.81°C,1007.83hPa,73.41%,0.00,0.00,0.00,387.92kOhms,0.00,0.00
,NO LOCATION,2024-08-25 00:10:23,33.81°C,1007.82hPa,73.41%,0.00,0.00,0.00,386.35kOhms,0.00,0.00
,NO LOCATION,2024-08-25 00:10:24,33.81°C,1007.82hPa,73.44%,0.00,0.00,0.00,386.12kOhms,0.00,0.00
,NO LOCATION,2024-08-25 00:10:26,33.82°C,1007.83hPa,73.47%,0.00,0.00,0.00,384.79kOhms,0.00,0.00
,NO LOCATION,2024-08-25 00:10:26,33.82°C,1007.83hPa,73.47%,0.00,0.00,0.00,384.79kOhms,0.00,0.00
,NO LOCATION,2024-08-25 00:10:27,33.82°C,1007.83hPa,73.47%,0.00,0.00,0.00,383.02kOhms,0.00,0.00
,NO LOCATION,2024-08-25 00:10:28,33.83°C,1007.83hPa,73.50%,0.00,0.00,0.00,387.02kOhms,0.00,0.00
,NO LOCATION,2024-08-25 00:10:30,33.83°C,1007.82hPa,73.54%,0.00,0.00,0.00,384.12kOhms,0.00,0.00
,NO LOCATION,2024-08-25 00:10:30,33.83°C,1007.82hPa,73.54%,0.00,0.00,0.00,384.12kOhms,0.00,0.00
,NO LOCATION,2024-08-25 00:10:31,33.85°C,1007.82hPa,73.57%,0.00,0.00,0.00,383.02kOhms,0.00,0.00
,NO LOCATION,2024-08-25 00:10:32,33.85°C,1007.82hPa,73.61%,0.00,0.00,0.00,382.80kOhms,0.00,0.00
,NO LOCATION,2024-08-25 00:10:32,33.85°C,1007.82hPa,73.61%,0.00,0.00,0.00,382.80kOhms,0.00,0.00
,NO LOCATION,2024-08-25 00:10:34,33.86°C,1007.82hPa,73.61%,0.00,0.00,0.00,383.46kOhms,0.00,0.00
,NO LOCATION,2024-08-25 00:10:35,33.87°C,1007.83hPa,73.66%,0.00,0.00,0.00,385.68kOhms,0.00,0.00
,NO LOCATION,2024-08-25 00:10:37,33.88°C,1007.84hPa,73.67%,0.00,0.00,0.00,383.02kOhms,0.00,0.00
,NO LOCATION,2024-08-25 00:10:37,33.88°C,1007.84hPa,73.67%,0.00,0.00,0.00,383.02kOhms,0.00,0.00
,NO LOCATION,2024-08-25 00:10:38,33.89°C,1007.84hPa,73.68%,0.00,0.00,0.00,382.14kOhms,0.00,0.00
,NO LOCATION,2024-08-25 00:10:39,33.90°C,1007.84hPa,73.71%,0.00,0.00,0.00,382.58kOhms,0.00,0.00
,NO LOCATION,2024-08-25 00:10:41,33.91°C,1007.84hPa,73.71%,0.00,0.00,0.00,381.92kOhms,0.00,0.00
,NO LOCATION,2024-08-25 00:10:41,33.91°C,1007.84hPa,73.71%,0.00,0.00,0.00,381.92kOhms,0.00,0.00
,NO LOCATION,2024-08-25 00:10:42,33.93°C,1007.84hPa,73.70%,0.00,0.00,0.00,381.92kOhms,0.00,0.00
,NO LOCATION,2024-08-25 00:10:43,33.95°C,1007.84hPa,73.66%,0.00,0.00,0.00,383.90kOhms,0.00,0.00
,NO LOCATION,2024-08-25 00:10:45,33.96°C,1007.84hPa,73.65%,0.00,0.00,0.00,382.14kOhms,0.00,0.00
,NO LOCATION,2024-08-25 00:10:45,33.96°C,1007.84hPa,73.65%,0.00,0.00,0.00,382.14kOhms,0.00,0.00
,NO LOCATION,2024-08-25 00:10:46,33.98°C,1007.84hPa,73.63%,0.00,0.00,0.00,383.02kOhms,0.00,0.00
,NO LOCATION,2024-08-25 00:10:48,33.99°C,1007.85hPa,73.60%,0.00,0.00,0.00,382.58kOhms,0.00,0.00
,NO LOCATION,2024-08-25 00:10:48,33.99°C,1007.85hPa,73.60%,0.00,0.00,0.00,382.58kOhms,0.00,0.00
,NO LOCATION,2024-08-25 00:10:49,34.00°C,1007.85hPa,73.58%,0.00,0.00,0.00,382.58kOhms,0.00,0.00
,NO LOCATION,2024-08-25 00:10:50,34.02°C,1007.85hPa,73.59%,0.00,0.00,0.00,381.05kOhms,0.00,0.00
,NO LOCATION,2024-08-25 00:10:52,34.03°C,1007.84hPa,73.55%,0.00,0.00,0.00,383.02kOhms,0.00,0.00
,NO LOCATION,2024-08-25 00:10:52,34.03°C,1007.84hPa,73.55%,0.00,0.00,0.00,383.02kOhms,0.00,0.00
,NO LOCATION,2024-08-25 00:10:53,34.04°C,1007.84hPa,73.54%,0.00,0.00,0.00,381.26kOhms,0.00,0.00
,NO LOCATION,2024-08-25 00:10:54,34.05°C,1007.84hPa,73.53%,0.00,0.00,0.00,383.02kOhms,0.00,0.00
,NO LOCATION,2024-08-25 00:10:56,34.06°C,1007.84hPa,73.49%,0.00,0.00,0.00,379.10kOhms,0.00,0.00
,NO LOCATION,2024-08-25 00:10:56,34.06°C,1007.84hPa,73.49%,0.00,0.00,0.00,379.10kOhms,0.00,0.00
,NO LOCATION,2024-08-25 00:10:57,34.07°C,1007.84hPa,73.49%,0.00,0.00,0.00,378.17kOhms,0.00,0.00
,NO LOCATION,2024-08-25 00:10:58,34.09°C,1007.84hPa,73.47%,0.00,0.00,0.00,381.26kOhms,0.00,0.00
,NO LOCATION,2024-08-25 00:11:00,34.10°C,1007.84hPa,73.45%,0.00,0.00,0.00,377.73kOhms,0.00,0.00
,NO LOCATION,2024-08-25 00:11:00,34.10°C,1007.84hPa,73.45%,0.00,0.00,0.00,377.73kOhms,0.00,0.00
,NO LOCATION,2024-08-25 00:11:01,34.11°C,1007.83hPa,73.43%,0.00,0.00,0.00,381.26kOhms,0.00,0.00
,NO LOCATION,2024-08-25 00:11:03,34.12°C,1007.84hPa,73.42%,0.00,0.00,0.00,381.26kOhms,0.00,0.00
,NO LOCATION,2024-08-25 00:11:03,34.12°C,1007.84hPa,73.42%,0.00,0.00,0.00,381.26kOhms,0.00,0.00
,NO LOCATION,2024-08-25 00:11:04,34.12°C,1007.85hPa,73.41%,0.00,0.00,0.00,381.05kOhms,0.00,0.00
,NO LOCATION,2024-08-25 00:11:05,34.13°C,1007.85hPa,73.40%,0.00,0.00,0.00,381.05kOhms,0.00,0.00
,NO LOCATION,2024-08-25 00:11:07,34.13°C,1007.85hPa,73.41%,0.00,0.00,0.00,382.14kOhms,0.00,0.00
,NO LOCATION,2024-08-25 00:11:07,34.13°C,1007.85hPa,73.41%,0.00,0.00,0.00,382.14kOhms,0.00,0.00
,NO LOCATION,2024-08-25 00:11:08,34.13°C,1007.84hPa,73.43%,0.00,0.00,0.00,379.10kOhms,0.00,0.00
,NO LOCATION,2024-08-25 00:11:09,34.13°C,1007.85hPa,73.42%,0.00,0.00,0.00,380.83kOhms,0.00,0.00
,NO LOCATION,2024-08-25 00:11:11,34.13°C,1007.85hPa,73.43%,0.00,0.00,0.00,378.17kOhms,0.00,0.00
,NO LOCATION,2024-08-25 00:11:11,34.13°C,1007.85hPa,73.43%,0.00,0.00,0.00,378.17kOhms,0.00,0.00
,NO LOCATION,2024-08-25 00:11:12,34.12°C,1007.85hPa,73.45%,0.00,0.00,0.00,377.30kOhms,0.00,0.00
,NO LOCATION,2024-08-25 00:11:14,34.12°C,1007.85hPa,73.45%,0.00,0.00,0.00,378.17kOhms,0.00,0.00
,NO LOCATION,2024-08-25 00:11:15,34.12°C,1007.85hPa,73.50%,0.00,0.00,0.00,379.96kOhms,0.00,0.00
,NO LOCATION,2024-08-25 00:11:15,34.12°C,1007.85hPa,73.50%,0.00,0.00,0.00,379.96kOhms,0.00,0.00
,NO LOCATION,2024-08-25 00:11:16,34.11°C,1007.85hPa,73.50%,0.00,0.00,0.00,377.30kOhms,0.00,0.00
,NO LOCATION,2024-08-25 00:11:18,34.10°C,1007.85hPa,73.52%,0.00,0.00,0.00,378.17kOhms,0.00,0.00
,NO LOCATION,2024-08-25 00:11:19,34.10°C,1007.85hPa,73.54%,0.00,0.00,0.00,378.17kOhms,0.00,0.00
,NO LOCATION,2024-08-25 00:11:19,34.10°C,1007.85hPa,73.54%,0.00,0.00,0.00,381.92kOhms,0.00,0.00
,NO LOCATION,2024-08-25 00:11:20,34.09°C,1007.84hPa,73.56%,0.00,0.00,0.00,380.61kOhms,0.00,0.00
,NO LOCATION,2024-08-25 00:11:22,34.08°C,1007.84hPa,73.60%,0.00,0.00,0.00,379.96kOhms,0.00,0.00
,NO LOCATION,2024-08-25 00:11:22,34.08°C,1007.84hPa,73.60%,0.00,0.00,0.00,379.96kOhms,0.00,0.00
,NO LOCATION,2024-08-25 00:11:23,34.07°C,1007.84hPa,73.63%,0.00,0.00,0.00,379.31kOhms,0.00,0.00
,NO LOCATION,2024-08-25 00:11:24,34.06°C,1007.84hPa,73.67%,0.00,0.00,0.00,377.30kOhms,0.00,0.00
,NO LOCATION,2024-08-25 00:11:26,34.05°C,1007.84hPa,73.71%,0.00,0.00,0.00,380.83kOhms,0.00,0.00
,NO LOCATION,2024-08-25 00:11:26,34.05°C,1007.84hPa,73.71%,0.00,0.00,0.00,380.83kOhms,0.00,0.00
,NO LOCATION,2024-08-25 00:11:27,34.04°C,1007.83hPa,73.73%,0.00,0.00,0.00,379.31kOhms,0.00,0.00
,NO LOCATION,2024-08-25 00:11:29,34.03°C,1007.83hPa,73.78%,0.00,0.00,0.00,381.26kOhms,0.00,0.00
,NO LOCATION,2024-08-25 00:11:30,34.02°C,1007.83hPa,73.80%,0.00,0.00,0.00,380.39kOhms,0.00,0.00
,NO LOCATION,2024-08-25 00:11:30,34.02°C,1007.83hPa,73.80%,0.00,0.00,0.00,380.39kOhms,0.00,0.00
,NO LOCATION,2024-08-25 00:11:31,34.01°C,1007.83hPa,73.86%,0.00,0.00,0.00,382.58kOhms,0.00,0.00
,NO LOCATION,2024-08-25 00:11:33,34.00°C,1007.83hPa,73.89%,0.00,0.00,0.00,381.48kOhms,0.00,0.00
,NO LOCATION,2024-08-25 00:11:33,34.00°C,1007.83hPa,73.89%,0.00,0.00,0.00,381.48kOhms,0.00,0.00
,NO LOCATION,2024-08-25 00:11:34,33.99°C,1007.83hPa,73.94%,0.00,0.00,0.00,379.96kOhms,0.00,0.00
,NO LOCATION,2024-08-25 00:11:35,33.98°C,1007.83hPa,73.97%,0.00,0.00,0.00,380.39kOhms,0.00,0.00
,NO LOCATION,2024-08-25 00:11:37,33.97°C,1007.83hPa,74.01%,0.00,0.00,0.00,381.05kOhms,0.00,0.00
,NO LOCATION,2024-08-25 00:11:37,33.97°C,1007.83hPa,74.01%,0.00,0.00,0.00,381.05kOhms,0.00,0.00
,NO LOCATION,2024-08-25 00:11:38,33.96°C,1007.84hPa,74.05%,0.00,0.00,0.00,379.96kOhms,0.00,0.00
,NO LOCATION,2024-08-25 00:11:40,33.95°C,1007.84hPa,74.09%,0.00,0.00,0.00,381.05kOhms,0.00,0.00
,NO LOCATION,2024-08-25 00:11:41,33.94°C,1007.83hPa,74.14%,0.00,0.00,0.00,381.70kOhms,0.00,0.00
,NO LOCATION,2024-08-25 00:11:41,33.94°C,1007.83hPa,74.14%,0.00,0.00,0.00,381.70kOhms,0.00,0.00
,NO LOCATION,2024-08-25 00:11:42,33.93°C,1007.82hPa,74.16%,0.00,0.00,0.00,380.18kOhms,0.00,0.00
,NO LOCATION,2024-08-25 00:11:44,33.92°C,1007.82hPa,74.22%,0.00,0.00,0.00,381.48kOhms,0.00,0.00
,NO LOCATION,2024-08-25 00:11:45,33.91°C,1007.82hPa,74.28%,0.00,0.00,0.00,383.90kOhms,0.00,0.00
,NO LOCATION,2024-08-25 00:11:45,33.91°C,1007.82hPa,74.28%,0.00,0.00,0.00,383.90kOhms,0.00,0.00
,NO LOCATION,2024-08-25 00:11:46,33.90°C,1007.83hPa,74.30%,0.00,0.00,0.00,382.36kOhms,0.00,0.00
,NO LOCATION,2024-08-25 00:11:48,33.89°C,1007.83hPa,74.34%,0.00,0.00,0.00,381.70kOhms,0.00,0.00
,NO LOCATION,2024-08-25 00:11:49,33.89°C,1007.83hPa,74.37%,0.00,0.00,0.00,381.70kOhms,0.00,0.00
,NO LOCATION,2024-08-25 00:11:49,33.89°C,1007.83hPa,74.37%,0.00,0.00,0.00,381.26kOhms,0.00,0.00
,NO LOCATION,2024-08-25 00:11:50,33.88°C,1007.82hPa,74.40%,0.00,0.00,0.00,381.70kOhms,0.00,0.00
,NO LOCATION,2024-08-25 00:11:52,33.87°C,1007.82hPa,74.45%,0.00,0.00,0.00,383.24kOhms,0.00,0.00
,NO LOCATION,2024-08-25 00:11:52,33.87°C,1007.82hPa,74.45%,0.00,0.00,0.00,383.24kOhms,0.00,0.00
,NO LOCATION,2024-08-25 00:11:53,33.86°C,1007.82hPa,74.51%,0.00,0.00,0.00,380.83kOhms,0.00,0.00
,NO LOCATION,2024-08-25 00:11:55,33.85°C,1007.82hPa,74.56%,0.00,0.00,0.00,381.70kOhms,0.00,0.00
,NO LOCATION,2024-08-25 00:11:56,33.85°C,1007.82hPa,74.59%,0.00,0.00,0.00,383.68kOhms,0.00,0.00
,NO LOCATION,2024-08-25 00:11:56,33.85°C,1007.82hPa,74.59%,0.00,0.00,0.00,383.68kOhms,0.00,0.00
,NO LOCATION,2024-08-25 00:11:57,33.84°C,1007.82hPa,74.63%,0.00,0.00,0.00,381.70kOhms,0.00,0.00
,NO LOCATION,2024-08-25 00:11:59,33.83°C,1007.81hPa,74.66%,0.00,0.00,0.00,383.02kOhms,0.00,0.00
,NO LOCATION,2024-08-25 00:12:00,33.82°C,1007.81hPa,74.70%,0.00,0.00,0.00,383.24kOhms,0.00,0.00
,NO LOCATION,2024-08-25 00:12:00,33.82°C,1007.81hPa,74.70%,0.00,0.00,0.00,383.24kOhms,0.00,0.00
,NO LOCATION,2024-08-25 00:12:01,33.81°C,1007.81hPa,74.73%,0.00,0.00,0.00,382.58kOhms,0.00,0.00
,NO LOCATION,2024-08-25 00:12:03,33.81°C,1007.81hPa,74.75%,0.00,0.00,0.00,380.83kOhms,0.00,0.00
,NO LOCATION,2024-08-25 00:12:04,33.80°C,1007.81hPa,74.79%,0.00,0.00,0.00,380.83kOhms,0.00,0.00
,NO LOCATION,2024-08-25 00:12:04,33.80°C,1007.81hPa,74.79%,0.00,0.00,0.00,382.80kOhms,0.00,0.00
,NO LOCATION,2024-08-25 00:12:06,33.79°C,1007.81hPa,74.84%,0.00,0.00,0.00,382.58kOhms,0.00,0.00
,NO LOCATION,2024-08-25 00:12:07,33.78°C,1007.82hPa,74.87%,0.00,0.00,0.00,383.90kOhms,0.00,0.00
,NO LOCATION,2024-08-25 00:12:07,33.78°C,1007.82hPa,74.87%,0.00,0.00,0.00,383.90kOhms,0.00,0.00
,NO LOCATION,2024-08-25 00:12:08,33.78°C,1007.81hPa,74.93%,0.00,0.00,0.00,383.02kOhms,0.00,0.00
,NO LOCATION,2024-08-25 00:12:10,33.77°C,1007.81hPa,74.95%,0.00,0.00,0.00,383.90kOhms,0.00,0.00
,NO LOCATION,2024-08-25 00:12:11,33.76°C,1007.81hPa,74.98%,0.00,0.00,0.00,383.46kOhms,0.00,0.00
,NO LOCATION,2024-08-25 00:12:11,33.76°C,1007.81hPa,74.98%,0.00,0.00,0.00,383.46kOhms,0.00,0.00
,NO LOCATION,2024-08-25 00:12:12,33.76°C,1007.82hPa,75.03%,0.00,0.00,0.00,383.46kOhms,0.00,0.00
,NO LOCATION,2024-08-25 00:12:14,33.75°C,1007.81hPa,75.06%,0.00,0.00,0.00,384.34kOhms,0.00,0.00
,NO LOCATION,2024-08-25 00:12:15,33.75°C,1007.82hPa,75.07%,0.00,0.00,0.00,384.79kOhms,0.00,0.00
,NO LOCATION,2024-08-25 00:12:15,33.75°C,1007.82hPa,75.07%,0.00,0.00,0.00,384.79kOhms,0.00,0.00
,NO LOCATION,2024-08-25 00:12:16,33.74°C,1007.82hPa,75.10%,0.00,0.00,0.00,385.45kOhms,0.00,0.00
,NO LOCATION,2024-08-25 00:12:18,33.74°C,1007.82hPa,75.13%,0.00,0.00,0.00,384.34kOhms,0.00,0.00
,NO LOCATION,2024-08-25 00:12:18,33.74°C,1007.82hPa,75.13%,0.00,0.00,0.00,384.34kOhms,0.00,0.00
,NO LOCATION,2024-08-25 00:12:19,33.73°C,1007.82hPa,75.15%,0.00,0.00,0.00,385.23kOhms,0.00,0.00
,NO LOCATION,2024-08-25 00:12:21,33.73°C,1007.82hPa,75.16%,0.00,0.00,0.00,385.45kOhms,0.00,0.00
,NO LOCATION,2024-08-25 00:12:22,33.73°C,1007.82hPa,75.18%,0.00,0.00,0.00,383.24kOhms,0.00,0.00
,NO LOCATION,2024-08-25 00:12:22,33.73°C,1007.82hPa,75.18%,0.00,0.00,0.00,383.24kOhms,0.00,0.00
,NO LOCATION,2024-08-25 00:12:23,33.73°C,1007.82hPa,75.21%,0.00,0.00,0.00,383.46kOhms,0.00,0.00
,NO LOCATION,2024-08-25 00:12:25,33.72°C,1007.83hPa,75.24%,0.00,0.00,0.00,382.36kOhms,0.00,0.00
,NO LOCATION,2024-08-25 00:12:26,33.72°C,1007.82hPa,75.26%,0.00,0.00,0.00,385.68kOhms,0.00,0.00
,NO LOCATION,2024-08-25 00:12:26,33.72°C,1007.82hPa,75.26%,0.00,0.00,0.00,385.68kOhms,0.00,0.00
,NO LOCATION,2024-08-25 00:12:27,33.71°C,1007.83hPa,75.28%,0.00,0.00,0.00,383.90kOhms,0.00,0.00
,NO LOCATION,2024-08-25 00:12:29,33.71°C,1007.83hPa,75.30%,0.00,0.00,0.00,386.79kOhms,0.00,0.00
,NO LOCATION,2024-08-25 00:12:30,33.71°C,1007.83hPa,75.32%,0.00,0.00,0.00,387.02kOhms,0.00,0.00
,NO LOCATION,2024-08-25 00:12:30,33.71°C,1007.83hPa,75.32%,0.00,0.00,0.00,387.02kOhms,0.00,0.00
,NO LOCATION,2024-08-25 00:12:32,33.70°C,1007.83hPa,75.35%,0.00,0.00,0.00,384.34kOhms,0.00,0.00
,NO LOCATION,2024-08-25 00:12:33,33.70°C,1007.83hPa,75.38%,0.00,0.00,0.00,385.01kOhms,0.00,0.00
,NO LOCATION,2024-08-25 00:12:33,33.70°C,1007.83hPa,75.38%,0.00,0.00,0.00,385.01kOhms,0.00,0.00
,NO LOCATION,2024-08-25 00:12:34,33.69°C,1007.83hPa,75.41%,0.00,0.00,0.00,385.90kOhms,0.00,0.00
,NO LOCATION,2024-08-25 00:12:36,33.68°C,1007.83hPa,75.46%,0.00,0.00,0.00,384.79kOhms,0.00,0.00
,NO LOCATION,2024-08-25 00:12:37,33.68°C,1007.83hPa,75.49%,0.00,0.00,0.00,385.45kOhms,0.00,0.00
,NO LOCATION,2024-08-25 00:12:37,33.68°C,1007.83hPa,75.49%,0.00,0.00,0.00,385.45kOhms,0.00,0.00
,NO LOCATION,2024-08-25 00:12:38,33.67°C,1007.83hPa,75.52%,0.00,0.00,0.00,384.79kOhms,0.00,0.00
,NO LOCATION,2024-08-25 00:12:40,33.67°C,1007.82hPa,75.56%,0.00,0.00,0.00,385.90kOhms,0.00,0.00
,NO LOCATION,2024-08-25 00:12:41,33.66°C,1007.82hPa,75.57%,0.00,0.00,0.00,383.46kOhms,0.00,0.00
,NO LOCATION,2024-08-25 00:12:41,33.66°C,1007.82hPa,75.57%,0.00,0.00,0.00,383.46kOhms,0.00,0.00
,NO LOCATION,2024-08-25 00:12:43,33.66°C,1007.82hPa,75.61%,0.00,0.00,0.00,385.23kOhms,0.00,0.00
,NO LOCATION,2024-08-25 00:12:44,33.65°C,1007.81hPa,75.64%,0.00,0.00,0.00,387.24kOhms,0.00,0.00
,NO LOCATION,2024-08-25 00:12:45,33.65°C,1007.82hPa,75.68%,0.00,0.00,0.00,385.23kOhms,0.00,0.00
,NO LOCATION,2024-08-25 00:12:45,33.65°C,1007.82hPa,75.68%,0.00,0.00,0.00,385.23kOhms,0.00,0.00
,NO LOCATION,2024-08-25 00:12:47,33.65°C,1007.83hPa,75.69%,0.00,0.00,0.00,385.23kOhms,0.00,0.00
,NO LOCATION,2024-08-25 00:12:48,33.64°C,1007.83hPa,75.72%,0.00,0.00,0.00,387.47kOhms,0.00,0.00
,NO LOCATION,2024-08-25 00:12:48,33.64°C,1007.83hPa,75.72%,0.00,0.00,0.00,387.47kOhms,0.00,0.00
,NO LOCATION,2024-08-25 00:12:49,33.64°C,1007.83hPa,75.74%,0.00,0.00,0.00,386.57kOhms,0.00,0.00
,NO LOCATION,2024-08-25 00:12:51,33.64°C,1007.83hPa,75.80%,0.00,0.00,0.00,385.68kOhms,0.00,0.00
,NO LOCATION,2024-08-25 00:12:52,33.63°C,1007.82hPa,75.81%,0.00,0.00,0.00,386.79kOhms,0.00,0.00
,NO LOCATION,2024-08-25 00:12:52,33.63°C,1007.82hPa,75.81%,0.00,0.00,0.00,386.79kOhms,0.00,0.00
,NO LOCATION,2024-08-25 00:12:53,33.63°C,1007.82hPa,75.82%,0.00,0.00,0.00,387.47kOhms,0.00,0.00
,NO LOCATION,2024-08-25 00:12:55,33.63°C,1007.82hPa,75.83%,0.00,0.00,0.00,386.57kOhms,0.00,0.00
,NO LOCATION,2024-08-25 00:12:56,33.62°C,1007.82hPa,75.87%,0.00,0.00,0.00,385.01kOhms,0.00,0.00
,NO LOCATION,2024-08-25 00:12:56,33.62°C,1007.82hPa,75.87%,0.00,0.00,0.00,385.01kOhms,0.00,0.00
,NO LOCATION,2024-08-25 00:12:58,33.62°C,1007.82hPa,75.90%,0.00,0.00,0.00,385.90kOhms,0.00,0.00
,NO LOCATION,2024-08-25 00:12:59,33.62°C,1007.82hPa,75.90%,0.00,0.00,0.00,386.79kOhms,0.00,0.00
,NO LOCATION,2024-08-25 00:13:00,33.61°C,1007.82hPa,75.93%,0.00,0.00,0.00,385.68kOhms,0.00,0.00
,NO LOCATION,2024-08-25 00:13:00,33.61°C,1007.82hPa,75.93%,0.00,0.00,0.00,385.68kOhms,0.00,0.00
,NO LOCATION,2024-08-25 00:13:02,33.61°C,1007.82hPa,75.95%,0.00,0.00,0.00,384.79kOhms,0.00,0.00
,NO LOCATION,2024-08-25 00:13:03,33.61°C,1007.82hPa,75.96%,0.00,0.00,0.00,384.34kOhms,0.00,0.00
,NO LOCATION,2024-08-25 00:13:03,33.61°C,1007.82hPa,75.96%,0.00,0.00,0.00,384.34kOhms,0.00,0.00
,NO LOCATION,2024-08-25 00:13:04,33.60°C,1007.83hPa,76.01%,0.00,0.00,0.00,388.82kOhms,0.00,0.00
,NO LOCATION,2024-08-25 00:13:06,33.60°C,1007.83hPa,76.03%,0.00,0.00,0.00,384.34kOhms,0.00,0.00
,NO LOCATION,2024-08-25 00:13:07,33.60°C,1007.83hPa,76.05%,0.00,0.00,0.00,386.35kOhms,0.00,0.00
,NO LOCATION,2024-08-25 00:13:07,33.60°C,1007.83hPa,76.05%,0.00,0.00,0.00,386.35kOhms,0.00,0.00
,NO LOCATION,2024-08-25 00:13:09,33.59°C,1007.83hPa,76.08%,0.00,0.00,0.00,385.23kOhms,0.00,0.00
,NO LOCATION,2024-08-25 00:13:10,33.59°C,1007.84hPa,76.08%,0.00,0.00,0.00,386.12kOhms,0.00,0.00
,NO LOCATION,2024-08-25 00:13:11,33.59°C,1007.84hPa,76.14%,0.00,0.00,0.00,387.24kOhms,0.00,0.00
,NO LOCATION,2024-08-25 00:13:11,33.59°C,1007.84hPa,76.14%,0.00,0.00,0.00,387.24kOhms,0.00,0.00
,NO LOCATION,2024-08-25 00:13:13,33.59°C,1007.84hPa,76.15%,0.00,0.00,0.00,387.47kOhms,0.00,0.00
,NO LOCATION,2024-08-25 00:13:14,33.58°C,1007.84hPa,76.17%,0.00,0.00,0.00,384.56kOhms,0.00,0.00
,NO LOCATION,2024-08-25 00:13:15,33.58°C,1007.84hPa,76.19%,0.00,0.00,0.00,384.79kOhms,0.00,0.00
,NO LOCATION,2024-08-25 00:13:15,33.58°C,1007.84hPa,76.19%,0.00,0.00,0.00,384.79kOhms,0.00,0.00
,NO LOCATION,2024-08-25 00:13:17,33.58°C,1007.85hPa,76.20%,0.00,0.00,0.00,387.47kOhms,0.00,0.00
,NO LOCATION,2024-08-25 00:13:18,33.58°C,1007.84hPa,76.21%,0.00,0.00,0.00,384.12kOhms,0.00,0.00
,NO LOCATION,2024-08-25 00:13:18,33.58°C,1007.84hPa,76.21%,0.00,0.00,0.00,384.12kOhms,0.00,0.00
,NO LOCATION,2024-08-25 00:13:19,33.57°C,1007.84hPa,76.23%,0.00,0.00,0.00,387.69kOhms,0.00,0.00
,NO LOCATION,2024-08-25 00:13:21,33.57°C,1007.83hPa,76.26%,0.00,0.00,0.00,385.90kOhms,0.00,0.00
,NO LOCATION,2024-08-25 00:13:22,33.57°C,1007.83hPa,76.28%,0.00,0.00,0.00,386.57kOhms,0.00,0.00
,NO LOCATION,2024-08-25 00:13:22,33.57°C,1007.83hPa,76.28%,0.00,0.00,0.00,386.57kOhms,0.00,0.00
,NO LOCATION,2024-08-25 00:13:24,33.57°C,1007.83hPa,76.30%,0.00,0.00,0.00,386.57kOhms,0.00,0.00
,NO LOCATION,2024-08-25 00:13:25,33.56°C,1007.83hPa,76.34%,0.00,0.00,0.00,387.02kOhms,0.00,0.00
,NO LOCATION,2024-08-25 00:13:26,33.56°C,1007.84hPa,76.35%,0.00,0.00,0.00,385.23kOhms,0.00,0.00
,NO LOCATION,2024-08-25 00:13:26,33.56°C,1007.84hPa,76.35%,0.00,0.00,0.00,385.23kOhms,0.00,0.00
,NO LOCATION,2024-08-25 00:13:28,33.56°C,1007.84hPa,76.36%,0.00,0.00,0.00,386.79kOhms,0.00,0.00
,NO LOCATION,2024-08-25 00:13:29,33.56°C,1007.84hPa,76.39%,0.00,0.00,0.00,384.56kOhms,0.00,0.00
,NO LOCATION,2024-08-25 00:13:30,33.56°C,1007.84hPa,76.41%,0.00,0.00,0.00,387.92kOhms,0.00,0.00
,NO LOCATION,2024-08-25 00:13:30,33.56°C,1007.84hPa,76.41%,0.00,0.00,0.00,387.92kOhms,0.00,0.00
,NO LOCATION,2024-08-25 00:13:32,33.56°C,1007.84hPa,76.42%,0.00,0.00,0.00,385.01kOhms,0.00,0.00
,NO LOCATION,2024-08-25 00:13:33,33.56°C,1007.84hPa,76.43%,0.00,0.00,0.00,386.12kOhms,0.00,0.00
,NO LOCATION,2024-08-25 00:13:33,33.56°C,1007.84hPa,76.43%,0.00,0.00,0.00,386.12kOhms,0.00,0.00
,NO LOCATION,2024-08-25 00:13:35,33.56°C,1007.84hPa,76.47%,0.00,0.00,0.00,387.47kOhms,0.00,0.00
,NO LOCATION,2024-08-25 00:13:36,33.55°C,1007.84hPa,76.48%,0.00,0.00,0.00,386.57kOhms,0.00,0.00
,NO LOCATION,2024-08-25 00:13:37,33.55°C,1007.83hPa,76.50%,0.00,0.00,0.00,387.69kOhms,0.00,0.00
,NO LOCATION,2024-08-25 00:13:37,33.55°C,1007.83hPa,76.50%,0.00,0.00,0.00,387.69kOhms,0.00,0.00
,NO LOCATION,2024-08-25 00:13:39,33.55°C,1007.83hPa,76.52%,0.00,0.00,0.00,385.45kOhms,0.00,0.00
,NO LOCATION,2024-08-25 00:13:40,33.55°C,1007.83hPa,76.55%,0.00,0.00,0.00,388.37kOhms,0.00,0.00
,NO LOCATION,2024-08-25 00:13:41,33.55°C,1007.84hPa,76.57%,0.00,0.00,0.00,385.23kOhms,0.00,0.00
,NO LOCATION,2024-08-25 00:13:41,33.55°C,1007.84hPa,76.57%,0.00,0.00,0.00,385.23kOhms,0.00,0.00
,NO LOCATION,2024-08-25 00:13:43,33.55°C,1007.84hPa,76.59%,0.00,0.00,0.00,385.68kOhms,0.00,0.00
,NO LOCATION,2024-08-25 00:13:44,33.55°C,1007.84hPa,76.60%,0.00,0.00,0.00,387.24kOhms,0.00,0.00
,NO LOCATION,2024-08-25 00:13:45,33.55°C,1007.85hPa,76.60%,0.00,0.00,0.00,386.12kOhms,0.00,0.00
,NO LOCATION,2024-08-25 00:13:45,33.55°C,1007.85hPa,76.60%,0.00,0.00,0.00,386.12kOhms,0.00,0.00
,NO LOCATION,2024-08-25 00:13:47,33.55°C,1007.84hPa,76.62%,0.00,0.00,0.00,387.02kOhms,0.00,0.00
,NO LOCATION,2024-08-25 00:13:48,33.55°C,1007.84hPa,76.64%,0.00,0.00,0.00,385.45kOhms,0.00,0.00
,NO LOCATION,2024-08-25 00:13:50,33.55°C,1007.83hPa,76.66%,0.00,0.00,0.00,385.45kOhms,0.00,0.00
,NO LOCATION,2024-08-25 00:13:50,33.55°C,1007.83hPa,76.66%,0.00,0.00,0.00,388.37kOhms,0.00,0.00
,NO LOCATION,2024-08-25 00:13:51,33.55°C,1007.83hPa,76.68%,0.00,0.00,0.00,387.69kOhms,0.00,0.00
,NO LOCATION,2024-08-25 00:13:52,33.55°C,1007.84hPa,76.70%,0.00,0.00,0.00,387.02kOhms,0.00,0.00
,NO LOCATION,2024-08-25 00:13:52,33.55°C,1007.84hPa,76.70%,0.00,0.00,0.00,387.02kOhms,0.00,0.00
,NO LOCATION,2024-08-25 00:13:54,33.55°C,1007.84hPa,76.71%,0.00,0.00,0.00,388.14kOhms,0.00,0.00
,NO LOCATION,2024-08-25 00:13:55,33.55°C,1007.84hPa,76.74%,0.00,0.00,0.00,387.24kOhms,0.00,0.00
,NO LOCATION,2024-08-25 00:13:56,33.55°C,1007.84hPa,76.72%,0.00,0.00,0.00,383.24kOhms,0.00,0.00
,NO LOCATION,2024-08-25 00:13:56,33.55°C,1007.84hPa,76.72%,0.00,0.00,0.00,383.24kOhms,0.00,0.00
,NO LOCATION,2024-08-25 00:13:58,33.55°C,1007.83hPa,76.74%,0.00,0.00,0.00,386.12kOhms,0.00,0.00
,NO LOCATION,2024-08-25 00:13:59,33.55°C,1007.83hPa,76.73%,0.00,0.00,0.00,387.02kOhms,0.00,0.00
,NO LOCATION,2024-08-25 00:14:01,33.55°C,1007.84hPa,76.75%,0.00,0.00,0.00,385.68kOhms,0.00,0.00
,NO LOCATION,2024-08-25 00:14:01,33.55°C,1007.84hPa,76.75%,0.00,0.00,0.00,385.68kOhms,0.00,0.00
,NO LOCATION,2024-08-25 00:14:02,33.55°C,1007.83hPa,76.74%,0.00,0.00,0.00,387.47kOhms,0.00,0.00
,NO LOCATION,2024-08-25 00:14:03,33.55°C,1007.83hPa,76.75%,0.00,0.00,0.00,386.12kOhms,0.00,0.00
,NO LOCATION,2024-08-25 00:14:05,33.55°C,1007.84hPa,76.76%,0.00,0.00,0.00,386.12kOhms,0.00,0.00
,NO LOCATION,2024-08-25 00:14:05,33.55°C,1007.84hPa,76.76%,0.00,0.00,0.00,386.79kOhms,0.00,0.00
,NO LOCATION,2024-08-25 00:14:06,33.55°C,1007.84hPa,76.80%,0.00,0.00,0.00,384.79kOhms,0.00,0.00
,NO LOCATION,2024-08-25 00:14:07,33.55°C,1007.84hPa,76.80%,0.00,0.00,0.00,387.02kOhms,0.00,0.00
,NO LOCATION,2024-08-25 00:14:07,33.55°C,1007.84hPa,76.80%,0.00,0.00,0.00,387.02kOhms,0.00,0.00
,NO LOCATION,2024-08-25 00:14:09,33.55°C,1007.84hPa,76.80%,0.00,0.00,0.00,383.90kOhms,0.00,0.00
,NO LOCATION,2024-08-25 00:14:10,33.55°C,1007.84hPa,76.82%,0.00,0.00,0.00,386.35kOhms,0.00,0.00
,NO LOCATION,2024-08-25 00:14:11,33.55°C,1007.84hPa,76.83%,0.00,0.00,0.00,384.79kOhms,0.00,0.00
,NO LOCATION,2024-08-25 00:14:11,33.55°C,1007.84hPa,76.83%,0.00,0.00,0.00,384.79kOhms,0.00,0.00
,NO LOCATION,2024-08-25 00:14:13,33.55°C,1007.84hPa,76.87%,0.00,0.00,0.00,387.69kOhms,0.00,0.00
,NO LOCATION,2024-08-25 00:14:14,33.55°C,1007.83hPa,76.88%,0.00,0.00,0.00,387.02kOhms,0.00,0.00
,NO LOCATION,2024-08-25 00:14:16,33.55°C,1007.84hPa,76.88%,0.00,0.00,0.00,385.68kOhms,0.00,0.00
,NO LOCATION,2024-08-25 00:14:16,33.55°C,1007.84hPa,76.88%,0.00,0.00,0.00,385.68kOhms,0.00,0.00
,NO LOCATION,2024-08-25 00:14:17,33.55°C,1007.84hPa,76.90%,0.00,0.00,0.00,384.79kOhms,0.00,0.00
,NO LOCATION,2024-08-25 00:14:18,33.55°C,1007.84hPa,76.90%,0.00,0.00,0.00,386.57kOhms,0.00,0.00
,NO LOCATION,2024-08-25 00:14:20,33.55°C,1007.84hPa,76.90%,0.00,0.00,0.00,386.57kOhms,0.00,0.00
,NO LOCATION,2024-08-25 00:14:20,33.55°C,1007.84hPa,76.90%,0.00,0.00,0.00,386.35kOhms,0.00,0.00
,NO LOCATION,2024-08-25 00:14:21,33.55°C,1007.83hPa,76.90%,0.00,0.00,0.00,386.35kOhms,0.00,0.00
,NO LOCATION,2024-08-25 00:14:22,33.55°C,1007.83hPa,76.92%,0.00,0.00,0.00,384.12kOhms,0.00,0.00
,NO LOCATION,2024-08-25 00:14:22,33.55°C,1007.83hPa,76.92%,0.00,0.00,0.00,384.12kOhms,0.00,0.00
,NO LOCATION,2024-08-25 00:14:24,33.55°C,1007.83hPa,76.93%,0.00,0.00,0.00,387.02kOhms,0.00,0.00
,NO LOCATION,2024-08-25 00:14:25,33.55°C,1007.83hPa,76.94%,0.00,0.00,0.00,386.57kOhms,0.00,0.00
,NO LOCATION,2024-08-25 00:14:27,33.55°C,1007.83hPa,76.96%,0.00,0.00,0.00,387.02kOhms,0.00,0.00
,NO LOCATION,2024-08-25 00:14:27,33.55°C,1007.83hPa,76.96%,0.00,0.00,0.00,387.02kOhms,0.00,0.00
,NO LOCATION,2024-08-25 00:14:28,33.55°C,1007.83hPa,76.96%,0.00,0.00,0.00,386.57kOhms,0.00,0.00
,NO LOCATION,2024-08-25 00:14:29,33.55°C,1007.84hPa,76.97%,0.00,0.00,0.00,385.68kOhms,0.00,0.00
,NO LOCATION,2024-08-25 00:14:31,33.55°C,1007.83hPa,76.98%,0.00,0.00,0.00,387.69kOhms,0.00,0.00
,NO LOCATION,2024-08-25 00:14:31,33.55°C,1007.83hPa,76.98%,0.00,0.00,0.00,387.69kOhms,0.00,0.00
,NO LOCATION,2024-08-25 00:14:32,33.55°C,1007.83hPa,76.98%,0.00,0.00,0.00,385.23kOhms,0.00,0.00
,NO LOCATION,2024-08-25 00:14:33,33.55°C,1007.84hPa,76.98%,0.00,0.00,0.00,385.90kOhms,0.00,0.00
,NO LOCATION,2024-08-25 00:14:35,33.55°C,1007.84hPa,76.99%,0.00,0.00,0.00,385.68kOhms,0.00,0.00
,NO LOCATION,2024-08-25 00:14:35,33.55°C,1007.84hPa,76.99%,0.00,0.00,0.00,385.68kOhms,0.00,0.00
,NO LOCATION,2024-08-25 00:14:36,33.55°C,1007.83hPa,77.01%,0.00,0.00,0.00,385.23kOhms,0.00,0.00
,NO LOCATION,2024-08-25 00:14:38,33.55°C,1007.83hPa,77.01%,0.00,0.00,0.00,384.34kOhms,0.00,0.00
,NO LOCATION,2024-08-25 00:14:38,33.55°C,1007.83hPa,77.01%,0.00,0.00,0.00,384.34kOhms,0.00,0.00
,NO LOCATION,2024-08-25 00:14:39,33.55°C,1007.83hPa,77.03%,0.00,0.00,0.00,383.90kOhms,0.00,0.00
,NO LOCATION,2024-08-25 00:14:40,33.55°C,1007.82hPa,77.03%,0.00,0.00,0.00,383.90kOhms,0.00,0.00
,NO LOCATION,2024-08-25 00:14:42,33.55°C,1007.82hPa,77.05%,0.00,0.00,0.00,387.02kOhms,0.00,0.00
,NO LOCATION,2024-08-25 00:14:42,33.55°C,1007.82hPa,77.05%,0.00,0.00,0.00,387.02kOhms,0.00,0.00
,NO LOCATION,2024-08-25 00:14:43,33.55°C,1007.82hPa,77.05%,0.00,0.00,0.00,387.47kOhms,0.00,0.00
,NO LOCATION,2024-08-25 00:14:44,33.55°C,1007.82hPa,77.08%,0.00,0.00,0.00,385.23kOhms,0.00,0.00
,NO LOCATION,2024-08-25 00:14:46,33.56°C,1007.82hPa,77.09%,0.00,0.00,0.00,382.36kOhms,0.00,0.00
,NO LOCATION,2024-08-25 00:14:46,33.56°C,1007.82hPa,77.09%,0.00,0.00,0.00,382.36kOhms,0.00,0.00
,NO LOCATION,2024-08-25 00:14:47,33.56°C,1007.82hPa,77.10%,0.00,0.00,0.00,385.90kOhms,0.00,0.00
,NO LOCATION,2024-08-25 00:14:48,33.56°C,1007.83hPa,77.09%,0.00,0.00,0.00,385.68kOhms,0.00,0.00
,NO LOCATION,2024-08-25 00:14:50,33.56°C,1007.84hPa,77.09%,0.00,0.00,0.00,387.47kOhms,0.00,0.00
,NO LOCATION,2024-08-25 00:14:50,33.56°C,1007.84hPa,77.09%,0.00,0.00,0.00,387.47kOhms,0.00,0.00
,NO LOCATION,2024-08-25 00:14:51,33.56°C,1007.84hPa,77.09%,0.00,0.00,0.00,383.90kOhms,0.00,0.00
,NO LOCATION,2024-08-25 00:14:53,33.56°C,1007.84hPa,77.11%,0.00,0.00,0.00,384.79kOhms,0.00,0.00
,NO LOCATION,2024-08-25 00:14:53,33.56°C,1007.84hPa,77.11%,0.00,0.00,0.00,384.79kOhms,0.00,0.00
,NO LOCATION,2024-08-25 00:14:54,33.56°C,1007.83hPa,77.12%,0.00,0.00,0.00,385.23kOhms,0.00,0.00
,NO LOCATION,2024-08-25 00:14:55,33.57°C,1007.82hPa,77.12%,0.00,0.00,0.00,386.57kOhms,0.00,0.00
,NO LOCATION,2024-08-25 00:14:57,33.57°C,1007.82hPa,77.12%,0.00,0.00,0.00,385.68kOhms,0.00,0.00
,NO LOCATION,2024-08-25 00:14:57,33.57°C,1007.82hPa,77.12%,0.00,0.00,0.00,385.68kOhms,0.00,0.00
,NO LOCATION,2024-08-25 00:14:58,33.57°C,1007.82hPa,77.12%,0.00,0.00,0.00,386.12kOhms,0.00,0.00
,NO LOCATION,2024-08-25 00:14:59,33.57°C,1007.83hPa,77.14%,0.00,0.00,0.00,385.45kOhms,0.00,0.00
,NO LOCATION,2024-08-25 00:15:01,33.56°C,1007.82hPa,77.15%,0.00,0.00,0.00,384.79kOhms,0.00,0.00
,NO LOCATION,2024-08-25 00:15:01,33.56°C,1007.82hPa,77.15%,0.00,0.00,0.00,384.79kOhms,0.00,0.00
,NO LOCATION,2024-08-25 00:15:02,33.56°C,1007.83hPa,77.15%,0.00,0.00,0.00,386.12kOhms,0.00,0.00
,NO LOCATION,2024-08-25 00:15:04,33.56°C,1007.83hPa,77.15%,0.00,0.00,0.00,385.01kOhms,0.00,0.00
,NO LOCATION,2024-08-25 00:15:05,33.56°C,1007.83hPa,77.17%,0.00,0.00,0.00,386.79kOhms,0.00,0.00
,NO LOCATION,2024-08-25 00:15:05,33.56°C,1007.83hPa,77.17%,0.00,0.00,0.00,386.79kOhms,0.00,0.00
,NO LOCATION,2024-08-25 00:15:06,33.56°C,1007.83hPa,77.18%,0.00,0.00,0.00,387.24kOhms,0.00,0.00
,NO LOCATION,2024-08-25 00:15:08,33.56°C,1007.84hPa,77.19%,0.00,0.00,0.00,386.12kOhms,0.00,0.00
,NO LOCATION,2024-08-25 00:15:08,33.56°C,1007.84hPa,77.19%,0.00,0.00,0.00,386.12kOhms,0.00,0.00
,NO LOCATION,2024-08-25 00:15:09,33.56°C,1007.83hPa,77.21%,0.00,0.00,0.00,384.34kOhms,0.00,0.00
,NO LOCATION,2024-08-25 00:15:10,33.56°C,1007.84hPa,77.24%,0.00,0.00,0.00,386.12kOhms,0.00,0.00
,NO LOCATION,2024-08-25 00:15:12,33.55°C,1007.83hPa,77.26%,0.00,0.00,0.00,386.12kOhms,0.00,0.00
,NO LOCATION,2024-08-25 00:15:12,33.55°C,1007.83hPa,77.26%,0.00,0.00,0.00,386.12kOhms,0.00,0.00
,NO LOCATION,2024-08-25 00:15:13,33.55°C,1007.83hPa,77.26%,0.00,0.00,0.00,384.79kOhms,0.00,0.00
,NO LOCATION,2024-08-25 00:15:14,33.55°C,1007.83hPa,77.28%,0.00,0.00,0.00,384.56kOhms,0.00,0.00
,NO LOCATION,2024-08-25 00:15:16,33.54°C,1007.83hPa,77.31%,0.00,0.00,0.00,383.02kOhms,0.00,0.00
,NO LOCATION,2024-08-25 00:15:16,33.54°C,1007.83hPa,77.31%,0.00,0.00,0.00,383.02kOhms,0.00,0.00
,NO LOCATION,2024-08-25 00:15:17,33.54°C,1007.83hPa,77.32%,0.00,0.00,0.00,385.68kOhms,0.00,0.00
,NO LOCATION,2024-08-25 00:15:19,33.54°C,1007.82hPa,77.35%,0.00,0.00,0.00,384.12kOhms,0.00,0.00
,NO LOCATION,2024-08-25 00:15:20,33.54°C,1007.83hPa,77.36%,0.00,0.00,0.00,384.79kOhms,0.00,0.00
,NO LOCATION,2024-08-25 00:15:20,33.54°C,1007.83hPa,77.36%,0.00,0.00,0.00,384.79kOhms,0.00,0.00
,NO LOCATION,2024-08-25 00:15:21,33.55°C,1007.83hPa,77.36%,0.00,0.00,0.00,383.90kOhms,0.00,0.00
,NO LOCATION,2024-08-25 00:15:23,33.55°C,1007.83hPa,77.38%,0.00,0.00,0.00,386.79kOhms,0.00,0.00
,NO LOCATION,2024-08-25 00:15:23,33.55°C,1007.83hPa,77.38%,0.00,0.00,0.00,386.79kOhms,0.00,0.00
,NO LOCATION,2024-08-25 00:15:24,33.55°C,1007.83hPa,77.40%,0.00,0.00,0.00,384.56kOhms,0.00,0.00
,NO LOCATION,2024-08-25 00:15:25,33.55°C,1007.83hPa,77.41%,0.00,0.00,0.00,386.12kOhms,0.00,0.00
,NO LOCATION,2024-08-25 00:15:27,33.55°C,1007.84hPa,77.44%,0.00,0.00,0.00,385.45kOhms,0.00,0.00
,NO LOCATION,2024-08-25 00:15:27,33.55°C,1007.84hPa,77.44%,0.00,0.00,0.00,385.45kOhms,0.00,0.00
,NO LOCATION,2024-08-25 00:15:28,33.55°C,1007.84hPa,77.44%,0.00,0.00,0.00,384.34kOhms,0.00,0.00
,NO LOCATION,2024-08-25 00:15:30,33.55°C,1007.84hPa,77.46%,0.00,0.00,0.00,383.02kOhms,0.00,0.00
,NO LOCATION,2024-08-25 00:15:31,33.56°C,1007.83hPa,77.47%,0.00,0.00,0.00,386.12kOhms,0.00,0.00
,NO LOCATION,2024-08-25 00:15:31,33.56°C,1007.83hPa,77.47%,0.00,0.00,0.00,386.12kOhms,0.00,0.00
,NO LOCATION,2024-08-25 00:15:32,33.56°C,1007.84hPa,77.48%,0.00,0.00,0.00,385.01kOhms,0.00,0.00
,NO LOCATION,2024-08-25 00:15:34,33.56°C,1007.83hPa,77.50%,0.00,0.00,0.00,384.34kOhms,0.00,0.00
,NO LOCATION,2024-08-25 00:15:35,33.56°C,1007.84hPa,77.50%,0.00,0.00,0.00,383.24kOhms,0.00,0.00
,NO LOCATION,2024-08-25 00:15:35,33.56°C,1007.84hPa,77.50%,0.00,0.00,0.00,383.24kOhms,0.00,0.00
,NO LOCATION,2024-08-25 00:15:36,33.56°C,1007.83hPa,77.49%,0.00,0.00,0.00,381.92kOhms,0.00,0.00
,NO LOCATION,2024-08-25 00:15:38,33.56°C,1007.83hPa,77.50%,0.00,0.00,0.00,383.90kOhms,0.00,0.00
,NO LOCATION,2024-08-25 00:15:38,33.56°C,1007.83hPa,77.50%,0.00,0.00,0.00,383.90kOhms,0.00,0.00
,NO LOCATION,2024-08-25 00:15:39,33.57°C,1007.84hPa,77.50%,0.00,0.00,0.00,385.23kOhms,0.00,0.00
,NO LOCATION,2024-08-25 00:15:40,33.57°C,1007.83hPa,77.52%,0.00,0.00,0.00,385.68kOhms,0.00,0.00
,NO LOCATION,2024-08-25 00:15:42,33.58°C,1007.83hPa,77.53%,0.00,0.00,0.00,383.68kOhms,0.00,0.00
,NO LOCATION,2024-08-25 00:15:42,33.58°C,1007.83hPa,77.53%,0.00,0.00,0.00,383.68kOhms,0.00,0.00
,NO LOCATION,2024-08-25 00:15:43,33.58°C,1007.83hPa,77.54%,0.00,0.00,0.00,385.23kOhms,0.00,0.00
,NO LOCATION,2024-08-25 00:15:45,33.59°C,1007.83hPa,77.54%,0.00,0.00,0.00,383.90kOhms,0.00,0.00
,NO LOCATION,2024-08-25 00:15:46,33.59°C,1007.82hPa,77.54%,0.00,0.00,0.00,383.46kOhms,0.00,0.00
,NO LOCATION,2024-08-25 00:15:46,33.59°C,1007.82hPa,77.54%,0.00,0.00,0.00,383.46kOhms,0.00,0.00
,NO LOCATION,2024-08-25 00:15:47,33.59°C,1007.82hPa,77.54%,0.00,0.00,0.00,385.45kOhms,0.00,0.00
,NO LOCATION,2024-08-25 00:15:49,33.59°C,1007.82hPa,77.54%,0.00,0.00,0.00,385.23kOhms,0.00,0.00
,NO LOCATION,2024-08-25 00:15:50,33.59°C,1007.82hPa,77.55%,0.00,0.00,0.00,385.23kOhms,0.00,0.00
,NO LOCATION,2024-08-25 00:15:50,33.59°C,1007.82hPa,77.55%,0.00,0.00,0.00,383.02kOhms,0.00,0.00
,NO LOCATION,2024-08-25 00:15:51,33.60°C,1007.82hPa,77.55%,0.00,0.00,0.00,385.01kOhms,0.00,0.00
,NO LOCATION,2024-08-25 00:15:53,33.60°C,1007.82hPa,77.54%,0.00,0.00,0.00,382.58kOhms,0.00,0.00
,NO LOCATION,2024-08-25 00:15:53,33.60°C,1007.82hPa,77.54%,0.00,0.00,0.00,382.58kOhms,0.00,0.00
,NO LOCATION,2024-08-25 00:15:54,33.60°C,1007.82hPa,77.54%,0.00,0.00,0.00,383.24kOhms,0.00,0.00
,NO LOCATION,2024-08-25 00:15:56,33.60°C,1007.83hPa,77.57%,0.00,0.00,0.00,383.46kOhms,0.00,0.00
,NO LOCATION,2024-08-25 00:15:57,33.60°C,1007.82hPa,77.57%,0.00,0.00,0.00,383.46kOhms,0.00,0.00
,NO LOCATION,2024-08-25 00:15:57,33.60°C,1007.82hPa,77.57%,0.00,0.00,0.00,383.46kOhms,0.00,0.00
,NO LOCATION,2024-08-25 00:15:58,33.60°C,1007.82hPa,77.57%,0.00,0.00,0.00,384.34kOhms,0.00,0.00
,NO LOCATION,2024-08-25 00:16:00,33.60°C,1007.82hPa,77.58%,0.00,0.00,0.00,383.90kOhms,0.00,0.00
,NO LOCATION,2024-08-25 00:16:01,33.60°C,1007.82hPa,77.59%,0.00,0.00,0.00,383.46kOhms,0.00,0.00
,NO LOCATION,2024-08-25 00:16:01,33.60°C,1007.82hPa,77.59%,0.00,0.00,0.00,383.46kOhms,0.00,0.00
,NO LOCATION,2024-08-25 00:16:02,33.60°C,1007.82hPa,77.62%,0.00,0.00,0.00,382.58kOhms,0.00,0.00
,NO LOCATION,2024-08-25 00:16:04,33.59°C,1007.82hPa,77.61%,0.00,0.00,0.00,385.01kOhms,0.00,0.00
,NO LOCATION,2024-08-25 00:16:05,33.59°C,1007.81hPa,77.63%,0.00,0.00,0.00,384.12kOhms,0.00,0.00
,NO LOCATION,2024-08-25 00:16:05,33.59°C,1007.81hPa,77.63%,0.00,0.00,0.00,384.12kOhms,0.00,0.00
,NO LOCATION,2024-08-25 00:16:06,33.59°C,1007.82hPa,77.65%,0.00,0.00,0.00,384.56kOhms,0.00,0.00
,NO LOCATION,2024-08-25 00:16:08,33.59°C,1007.82hPa,77.69%,0.00,0.00,0.00,382.14kOhms,0.00,0.00
,NO LOCATION,2024-08-25 00:16:08,33.59°C,1007.82hPa,77.69%,0.00,0.00,0.00,382.14kOhms,0.00,0.00
,NO LOCATION,2024-08-25 00:16:09,33.58°C,1007.82hPa,77.71%,0.00,0.00,0.00,384.34kOhms,0.00,0.00
,NO LOCATION,2024-08-25 00:16:11,33.58°C,1007.83hPa,77.71%,0.00,0.00,0.00,382.58kOhms,0.00,0.00
,NO LOCATION,2024-08-25 00:16:12,33.58°C,1007.83hPa,77.74%,0.00,0.00,0.00,384.56kOhms,0.00,0.00
,NO LOCATION,2024-08-25 00:16:12,33.58°C,1007.83hPa,77.74%,0.00,0.00,0.00,384.56kOhms,0.00,0.00
,NO LOCATION,2024-08-25 00:16:13,33.58°C,1007.83hPa,77.74%,0.00,0.00,0.00,385.68kOhms,0.00,0.00
,NO LOCATION,2024-08-25 00:16:15,33.58°C,1007.83hPa,77.74%,0.00,0.00,0.00,383.46kOhms,0.00,0.00
,NO LOCATION,2024-08-25 00:16:16,33.57°C,1007.82hPa,77.76%,0.00,0.00,0.00,383.90kOhms,0.00,0.00
,NO LOCATION,2024-08-25 00:16:16,33.57°C,1007.82hPa,77.76%,0.00,0.00,0.00,383.90kOhms,0.00,0.00
,NO LOCATION,2024-08-25 00:16:17,33.57°C,1007.83hPa,77.77%,0.00,0.00,0.00,388.37kOhms,0.00,0.00
,NO LOCATION,2024-08-25 00:16:19,33.57°C,1007.83hPa,77.78%,0.00,0.00,0.00,384.56kOhms,0.00,0.00
,NO LOCATION,2024-08-25 00:16:20,33.57°C,1007.83hPa,77.79%,0.00,0.00,0.00,384.56kOhms,0.00,0.00
,NO LOCATION,2024-08-25 00:16:20,33.57°C,1007.83hPa,77.79%,0.00,0.00,0.00,384.79kOhms,0.00,0.00
,NO LOCATION,2024-08-25 00:16:22,33.56°C,1007.84hPa,77.81%,0.00,0.00,0.00,385.45kOhms,0.00,0.00
,NO LOCATION,2024-08-25 00:16:23,33.56°C,1007.83hPa,77.81%,0.00,0.00,0.00,384.34kOhms,0.00,0.00
,NO LOCATION,2024-08-25 00:16:23,33.56°C,1007.83hPa,77.81%,0.00,0.00,0.00,384.34kOhms,0.00,0.00
,NO LOCATION,2024-08-25 00:16:24,33.56°C,1007.82hPa,77.83%,0.00,0.00,0.00,383.24kOhms,0.00,0.00
,NO LOCATION,2024-08-25 00:16:26,33.56°C,1007.82hPa,77.87%,0.00,0.00,0.00,382.80kOhms,0.00,0.00
,NO LOCATION,2024-08-25 00:16:27,33.56°C,1007.82hPa,77.87%,0.00,0.00,0.00,384.12kOhms,0.00,0.00
,NO LOCATION,2024-08-25 00:16:27,33.56°C,1007.82hPa,77.87%,0.00,0.00,0.00,384.12kOhms,0.00,0.00
,NO LOCATION,2024-08-25 00:16:28,33.56°C,1007.82hPa,77.91%,0.00,0.00,0.00,381.70kOhms,0.00,0.00
,NO LOCATION,2024-08-25 00:16:30,33.56°C,1007.81hPa,77.91%,0.00,0.00,0.00,381.05kOhms,0.00,0.00
,NO LOCATION,2024-08-25 00:16:31,33.56°C,1007.81hPa,77.91%,0.00,0.00,0.00,382.36kOhms,0.00,0.00
,NO LOCATION,2024-08-25 00:16:31,33.56°C,1007.81hPa,77.91%,0.00,0.00,0.00,382.36kOhms,0.00,0.00
,NO LOCATION,2024-08-25 00:16:33,33.56°C,1007.81hPa,77.92%,0.00,0.00,0.00,380.83kOhms,0.00,0.00
,NO LOCATION,2024-08-25 00:16:34,33.56°C,1007.82hPa,77.93%,0.00,0.00,0.00,376.43kOhms,0.00,0.00
,NO LOCATION,2024-08-25 00:16:35,33.56°C,1007.82hPa,77.96%,0.00,0.00,0.00,376.43kOhms,0.00,0.00
,NO LOCATION,2024-08-25 00:16:35,33.56°C,1007.82hPa,77.96%,0.00,0.00,0.00,376.86kOhms,0.00,0.00
,NO LOCATION,2024-08-25 00:16:37,33.57°C,1007.82hPa,77.97%,0.00,0.00,0.00,378.17kOhms,0.00,0.00
,NO LOCATION,2024-08-25 00:16:38,33.57°C,1007.81hPa,77.98%,0.00,0.00,0.00,375.57kOhms,0.00,0.00
,NO LOCATION,2024-08-25 00:16:38,33.57°C,1007.81hPa,77.98%,0.00,0.00,0.00,375.57kOhms,0.00,0.00
,NO LOCATION,2024-08-25 00:16:39,33.57°C,1007.81hPa,77.99%,0.00,0.00,0.00,375.14kOhms,0.00,0.00
,NO LOCATION,2024-08-25 00:16:41,33.57°C,1007.81hPa,78.01%,0.00,0.00,0.00,373.43kOhms,0.00,0.00
,NO LOCATION,2024-08-25 00:16:42,33.58°C,1007.81hPa,78.00%,0.00,0.00,0.00,372.58kOhms,0.00,0.00
,NO LOCATION,2024-08-25 00:16:42,33.58°C,1007.81hPa,78.00%,0.00,0.00,0.00,372.58kOhms,0.00,0.00
,NO LOCATION,2024-08-25 00:16:43,33.59°C,1007.83hPa,78.02%,0.00,0.00,0.00,373.86kOhms,0.00,0.00
,NO LOCATION,2024-08-25 00:16:45,33.59°C,1007.83hPa,78.03%,0.00,0.00,0.00,372.16kOhms,0.00,0.00
,NO LOCATION,2024-08-25 00:16:46,33.59°C,1007.82hPa,78.03%,0.00,0.00,0.00,373.86kOhms,0.00,0.00
,NO LOCATION,2024-08-25 00:16:46,33.59°C,1007.82hPa,78.03%,0.00,0.00,0.00,373.86kOhms,0.00,0.00
,NO LOCATION,2024-08-25 00:16:48,33.59°C,1007.82hPa,78.06%,0.00,0.00,0.00,370.48kOhms,0.00,0.00
,NO LOCATION,2024-08-25 00:16:49,33.59°C,1007.82hPa,78.07%,0.00,0.00,0.00,372.16kOhms,0.00,0.00
,NO LOCATION,2024-08-25 00:16:49,33.59°C,1007.82hPa,78.07%,0.00,0.00,0.00,372.16kOhms,0.00,0.00
,NO LOCATION,2024-08-25 00:16:50,33.59°C,1007.82hPa,78.08%,0.00,0.00,0.00,375.57kOhms,0.00,0.00
,NO LOCATION,2024-08-25 00:16:52,33.59°C,1007.82hPa,78.08%,0.00,0.00,0.00,373.01kOhms,0.00,0.00
,NO LOCATION,2024-08-25 00:16:53,33.59°C,1007.83hPa,78.09%,0.00,0.00,0.00,373.01kOhms,0.00,0.00
,NO LOCATION,2024-08-25 00:16:53,33.59°C,1007.83hPa,78.09%,0.00,0.00,0.00,373.01kOhms,0.00,0.00
,NO LOCATION,2024-08-25 00:16:54,33.60°C,1007.82hPa,78.08%,0.00,0.00,0.00,372.16kOhms,0.00,0.00
,NO LOCATION,2024-08-25 00:16:56,33.60°C,1007.82hPa,78.11%,0.00,0.00,0.00,371.32kOhms,0.00,0.00
,NO LOCATION,2024-08-25 00:16:57,33.60°C,1007.82hPa,78.11%,0.00,0.00,0.00,373.43kOhms,0.00,0.00
,NO LOCATION,2024-08-25 00:16:57,33.60°C,1007.82hPa,78.11%,0.00,0.00,0.00,373.43kOhms,0.00,0.00
,NO LOCATION,2024-08-25 00:16:59,33.60°C,1007.82hPa,78.14%,0.00,0.00,0.00,370.90kOhms,0.00,0.00
,NO LOCATION,2024-08-25 00:17:00,33.60°C,1007.83hPa,78.15%,0.00,0.00,0.00,370.90kOhms,0.00,0.00
,NO LOCATION,2024-08-25 00:17:01,33.60°C,1007.82hPa,78.16%,0.00,0.00,0.00,374.71kOhms,0.00,0.00
,NO LOCATION,2024-08-25 00:17:01,33.60°C,1007.82hPa,78.16%,0.00,0.00,0.00,374.71kOhms,0.00,0.00
,NO LOCATION,2024-08-25 00:17:03,33.60°C,1007.82hPa,78.16%,0.00,0.00,0.00,373.01kOhms,0.00,0.00
,NO LOCATION,2024-08-25 00:17:04,33.60°C,1007.82hPa,78.19%,0.00,0.00,0.00,373.01kOhms,0.00,0.00
,NO LOCATION,2024-08-25 00:17:04,33.60°C,1007.82hPa,78.19%,0.00,0.00,0.00,373.01kOhms,0.00,0.00
,NO LOCATION,2024-08-25 00:17:05,33.60°C,1007.82hPa,78.19%,0.00,0.00,0.00,371.32kOhms,0.00,0.00
,NO LOCATION,2024-08-25 00:17:07,33.59°C,1007.82hPa,78.21%,0.00,0.00,0.00,370.48kOhms,0.00,0.00
,NO LOCATION,2024-08-25 00:17:08,33.59°C,1007.82hPa,78.21%,0.00,0.00,0.00,372.16kOhms,0.00,0.00
,NO LOCATION,2024-08-25 00:17:08,33.59°C,1007.82hPa,78.21%,0.00,0.00,0.00,372.16kOhms,0.00,0.00
,NO LOCATION,2024-08-25 00:17:09,33.59°C,1007.82hPa,78.23%,0.00,0.00,0.00,372.58kOhms,0.00,0.00
,NO LOCATION,2024-08-25 00:17:11,33.59°C,1007.82hPa,78.22%,0.00,0.00,0.00,371.32kOhms,0.00,0.00
,NO LOCATION,2024-08-25 00:17:12,33.59°C,1007.82hPa,78.23%,0.00,0.00,0.00,370.06kOhms,0.00,0.00
,NO LOCATION,2024-08-25 00:17:12,33.59°C,1007.82hPa,78.23%,0.00,0.00,0.00,370.06kOhms,0.00,0.00
,NO LOCATION,2024-08-25 00:17:14,33.59°C,1007.82hPa,78.24%,0.00,0.00,0.00,372.16kOhms,0.00,0.00
,NO LOCATION,2024-08-25 00:17:15,33.59°C,1007.82hPa,78.24%,0.00,0.00,0.00,368.81kOhms,0.00,0.00
,NO LOCATION,2024-08-25 00:17:16,33.59°C,1007.82hPa,78.25%,0.00,0.00,0.00,369.23kOhms,0.00,0.00
,NO LOCATION,2024-08-25 00:17:16,33.59°C,1007.82hPa,78.25%,0.00,0.00,0.00,369.23kOhms,0.00,0.00
,NO LOCATION,2024-08-25 00:17:18,33.59°C,1007.82hPa,78.24%,0.00,0.00,0.00,370.48kOhms,0.00,0.00
,NO LOCATION,2024-08-25 00:17:19,33.59°C,1007.83hPa,78.24%,0.00,0.00,0.00,371.32kOhms,0.00,0.00
,NO LOCATION,2024-08-25 00:17:19,33.59°C,1007.83hPa,78.24%,0.00,0.00,0.00,371.32kOhms,0.00,0.00
,NO LOCATION,2024-08-25 00:17:20,33.59°C,1007.83hPa,78.26%,0.00,0.00,0.00,370.48kOhms,0.00,0.00
,NO LOCATION,2024-08-25 00:17:22,33.59°C,1007.83hPa,78.27%,0.00,0.00,0.00,370.90kOhms,0.00,0.00
,NO LOCATION,2024-08-25 00:17:23,33.59°C,1007.82hPa,78.30%,0.00,0.00,0.00,371.32kOhms,0.00,0.00
,NO LOCATION,2024-08-25 00:17:23,33.59°C,1007.82hPa,78.30%,0.00,0.00,0.00,371.32kOhms,0.00,0.00
,NO LOCATION,2024-08-25 00:17:25,33.59°C,1007.81hPa,78.37%,0.00,0.00,0.00,370.06kOhms,0.00,0.00
,NO LOCATION,2024-08-25 00:17:26,33.59°C,1007.82hPa,78.42%,0.00,0.00,0.00,369.23kOhms,0.00,0.00
,NO LOCATION,2024-08-25 00:17:27,33.59°C,1007.82hPa,78.43%,0.00,0.00,0.00,368.81kOhms,0.00,0.00
,NO LOCATION,2024-08-25 00:17:27,33.59°C,1007.82hPa,78.43%,0.00,0.00,0.00,368.81kOhms,0.00,0.00
,NO LOCATION,2024-08-25 00:17:29,33.59°C,1007.83hPa,78.46%,0.00,0.00,0.00,368.40kOhms,0.00,0.00
,NO LOCATION,2024-08-25 00:17:30,33.59°C,1007.82hPa,78.62%,0.00,0.00,0.00,367.99kOhms,0.00,0.00
,NO LOCATION,2024-08-25 00:17:31,33.59°C,1007.81hPa,78.82%,0.00,0.00,0.00,367.57kOhms,0.00,0.00
,NO LOCATION,2024-08-25 00:17:31,33.59°C,1007.81hPa,78.82%,0.00,0.00,0.00,367.57kOhms,0.00,0.00
,NO LOCATION,2024-08-25 00:17:33,33.59°C,1007.81hPa,78.94%,0.00,0.00,0.00,368.40kOhms,0.00,0.00
,NO LOCATION,2024-08-25 00:17:34,33.59°C,1007.82hPa,79.03%,0.00,0.00,0.00,366.75kOhms,0.00,0.00
,NO LOCATION,2024-08-25 00:17:34,33.59°C,1007.82hPa,79.03%,0.00,0.00,0.00,366.75kOhms,0.00,0.00
,NO LOCATION,2024-08-25 00:17:35,33.59°C,1007.80hPa,79.07%,0.00,0.00,0.00,367.16kOhms,0.00,0.00
,NO LOCATION,2024-08-25 00:17:37,33.59°C,1007.80hPa,79.07%,0.00,0.00,0.00,367.16kOhms,0.00,0.00
,NO LOCATION,2024-08-25 00:17:38,33.59°C,1007.81hPa,79.10%,0.00,0.00,0.00,367.99kOhms,0.00,0.00
,NO LOCATION,2024-08-25 00:17:38,33.59°C,1007.81hPa,79.10%,0.00,0.00,0.00,367.99kOhms,0.00,0.00
,NO LOCATION,2024-08-25 00:17:40,33.60°C,1007.80hPa,79.09%,0.00,0.00,0.00,368.40kOhms,0.00,0.00
,NO LOCATION,2024-08-25 00:17:41,33.60°C,1007.80hPa,79.08%,0.00,0.00,0.00,367.16kOhms,0.00,0.00
,NO LOCATION,2024-08-25 00:17:42,33.60°C,1007.80hPa,79.13%,0.00,0.00,0.00,367.57kOhms,0.00,0.00
,NO LOCATION,2024-08-25 00:17:42,33.60°C,1007.80hPa,79.13%,0.00,0.00,0.00,367.57kOhms,0.00,0.00
,NO LOCATION,2024-08-25 00:17:44,33.60°C,1007.81hPa,79.17%,0.00,0.00,0.00,368.40kOhms,0.00,0.00
,NO LOCATION,2024-08-25 00:17:45,33.60°C,1007.81hPa,79.21%,0.00,0.00,0.00,366.34kOhms,0.00,0.00
,NO LOCATION,2024-08-25 00:17:46,33.61°C,1007.81hPa,79.24%,0.00,0.00,0.00,367.99kOhms,0.00,0.00
,NO LOCATION,2024-08-25 00:17:46,33.61°C,1007.81hPa,79.24%,0.00,0.00,0.00,367.99kOhms,0.00,0.00
,NO LOCATION,2024-08-25 00:17:48,33.61°C,1007.81hPa,79.29%,0.00,0.00,0.00,365.93kOhms,0.00,0.00
,NO LOCATION,2024-08-25 00:17:49,33.62°C,1007.81hPa,79.31%,0.00,0.00,0.00,365.12kOhms,0.00,0.00
,NO LOCATION,2024-08-25 00:17:51,33.62°C,1007.81hPa,79.30%,0.00,0.00,0.00,365.12kOhms,0.00,0.00
,NO LOCATION,2024-08-25 00:17:51,33.62°C,1007.81hPa,79.30%,0.00,0.00,0.00,365.12kOhms,0.00,0.00
,NO LOCATION,2024-08-25 00:17:52,33.62°C,1007.81hPa,79.30%,0.00,0.00,0.00,365.12kOhms,0.00,0.00
,NO LOCATION,2024-08-25 00:17:53,33.62°C,1007.81hPa,79.31%,0.00,0.00,0.00,364.71kOhms,0.00,0.00
,NO LOCATION,2024-08-25 00:17:53,33.62°C,1007.81hPa,79.31%,0.00,0.00,0.00,364.71kOhms,0.00,0.00
,NO LOCATION,2024-08-25 00:17:55,33.63°C,1007.80hPa,79.31%,0.00,0.00,0.00,364.71kOhms,0.00,0.00
,NO LOCATION,2024-08-25 00:17:56,33.63°C,1007.81hPa,79.27%,0.00,0.00,0.00,365.53kOhms,0.00,0.00
,NO LOCATION,2024-08-25 00:17:57,33.64°C,1007.81hPa,79.29%,0.00,0.00,0.00,364.71kOhms,0.00,0.00
,NO LOCATION,2024-08-25 00:17:57,33.64°C,1007.81hPa,79.29%,0.00,0.00,0.00,364.71kOhms,0.00,0.00
,NO LOCATION,2024-08-25 00:17:59,33.64°C,1007.81hPa,79.29%,0.00,0.00,0.00,364.31kOhms,0.00,0.00
,NO LOCATION,2024-08-25 00:18:00,33.65°C,1007.81hPa,79.26%,0.00,0.00,0.00,367.16kOhms,0.00,0.00
,NO LOCATION,2024-08-25 00:18:01,33.65°C,1007.81hPa,79.23%,0.00,0.00,0.00,365.93kOhms,0.00,0.00
,NO LOCATION,2024-08-25 00:18:01,33.65°C,1007.81hPa,79.23%,0.00,0.00,0.00,365.93kOhms,0.00,0.00
,NO LOCATION,2024-08-25 00:18:03,33.66°C,1007.81hPa,79.14%,0.00,0.00,0.00,365.93kOhms,0.00,0.00
,NO LOCATION,2024-08-25 00:18:04,33.66°C,1007.82hPa,79.12%,0.00,0.00,0.00,367.16kOhms,0.00,0.00
,NO LOCATION,2024-08-25 00:18:06,33.67°C,1007.82hPa,79.10%,0.00,0.00,0.00,365.53kOhms,0.00,0.00
,NO LOCATION,2024-08-25 00:18:06,33.67°C,1007.82hPa,79.10%,0.00,0.00,0.00,365.53kOhms,0.00,0.00
,NO LOCATION,2024-08-25 00:18:07,33.68°C,1007.83hPa,79.08%,0.00,0.00,0.00,366.34kOhms,0.00,0.00
,NO LOCATION,2024-08-25 00:18:08,33.68°C,1007.82hPa,79.08%,0.00,0.00,0.00,361.90kOhms,0.00,0.00
,NO LOCATION,2024-08-25 00:18:08,33.68°C,1007.82hPa,79.08%,0.00,0.00,0.00,361.90kOhms,0.00,0.00
,NO LOCATION,2024-08-25 00:18:10,33.69°C,1007.82hPa,79.08%,0.00,0.00,0.00,365.12kOhms,0.00,0.00
,NO LOCATION,2024-08-25 00:18:11,33.69°C,1007.81hPa,79.04%,0.00,0.00,0.00,363.50kOhms,0.00,0.00
,NO LOCATION,2024-08-25 00:18:12,33.70°C,1007.82hPa,79.01%,0.00,0.00,0.00,364.31kOhms,0.00,0.00
,NO LOCATION,2024-08-25 00:18:12,33.70°C,1007.82hPa,79.01%,0.00,0.00,0.00,364.31kOhms,0.00,0.00
,NO LOCATION,2024-08-25 00:18:14,33.70°C,1007.82hPa,78.99%,0.00,0.00,0.00,365.53kOhms,0.00,0.00
,NO LOCATION,2024-08-25 00:18:15,33.71°C,1007.81hPa,78.97%,0.00,0.00,0.00,362.70kOhms,0.00,0.00
,NO LOCATION,2024-08-25 00:18:17,33.71°C,1007.81hPa,78.94%,0.00,0.00,0.00,363.90kOhms,0.00,0.00
,NO LOCATION,2024-08-25 00:18:17,33.71°C,1007.81hPa,78.94%,0.00,0.00,0.00,363.90kOhms,0.00,0.00
,NO LOCATION,2024-08-25 00:18:18,33.71°C,1007.81hPa,78.89%,0.00,0.00,0.00,363.10kOhms,0.00,0.00
,NO LOCATION,2024-08-25 00:18:19,33.72°C,1007.81hPa,78.85%,0.00,0.00,0.00,364.71kOhms,0.00,0.00
,NO LOCATION,2024-08-25 00:18:21,33.72°C,1007.81hPa,78.80%,0.00,0.00,0.00,365.12kOhms,0.00,0.00
,NO LOCATION,2024-08-25 00:18:21,33.72°C,1007.81hPa,78.80%,0.00,0.00,0.00,365.12kOhms,0.00,0.00
,NO LOCATION,2024-08-25 00:18:22,33.72°C,1007.81hPa,78.76%,0.00,0.00,0.00,365.53kOhms,0.00,0.00
,NO LOCATION,2024-08-25 00:18:23,33.72°C,1007.81hPa,78.73%,0.00,0.00,0.00,366.75kOhms,0.00,0.00
,NO LOCATION,2024-08-25 00:18:23,33.72°C,1007.81hPa,78.73%,0.00,0.00,0.00,366.75kOhms,0.00,0.00
,NO LOCATION,2024-08-25 00:18:25,33.73°C,1007.81hPa,78.72%,0.00,0.00,0.00,364.71kOhms,0.00,0.00
,NO LOCATION,2024-08-25 00:18:26,33.73°C,1007.80hPa,78.69%,0.00,0.00,0.00,366.34kOhms,0.00,0.00
,NO LOCATION,2024-08-25 00:18:27,33.73°C,1007.81hPa,78.69%,0.00,0.00,0.00,363.90kOhms,0.00,0.00
,NO LOCATION,2024-08-25 00:18:27,33.73°C,1007.81hPa,78.69%,0.00,0.00,0.00,363.90kOhms,0.00,0.00
,NO LOCATION,2024-08-25 00:18:29,33.73°C,1007.80hPa,78.68%,0.00,0.00,0.00,365.12kOhms,0.00,0.00
,NO LOCATION,2024-08-25 00:18:30,33.73°C,1007.80hPa,78.67%,0.00,0.00,0.00,365.53kOhms,0.00,0.00
,NO LOCATION,2024-08-25 00:18:32,33.73°C,1007.80hPa,78.65%,0.00,0.00,0.00,363.90kOhms,0.00,0.00
,NO LOCATION,2024-08-25 00:18:32,33.73°C,1007.80hPa,78.65%,0.00,0.00,0.00,363.90kOhms,0.00,0.00
,NO LOCATION,2024-08-25 00:18:33,33.73°C,1007.80hPa,78.62%,0.00,0.00,0.00,363.50kOhms,0.00,0.00
,NO LOCATION,2024-08-25 00:18:34,33.74°C,1007.81hPa,78.59%,0.00,0.00,0.00,364.31kOhms,0.00,0.00
,NO LOCATION,2024-08-25 00:18:36,33.74°C,1007.81hPa,78.59%,0.00,0.00,0.00,364.71kOhms,0.00,0.00
,NO LOCATION,2024-08-25 00:18:36,33.74°C,1007.81hPa,78.59%,0.00,0.00,0.00,364.71kOhms,0.00,0.00
,NO LOCATION,2024-08-25 00:18:37,33.74°C,1007.81hPa,78.57%,0.00,0.00,0.00,364.71kOhms,0.00,0.00
,NO LOCATION,2024-08-25 00:18:38,33.74°C,1007.81hPa,78.54%,0.00,0.00,0.00,363.50kOhms,0.00,0.00
,NO LOCATION,2024-08-25 00:18:38,33.74°C,1007.81hPa,78.54%,0.00,0.00,0.00,363.50kOhms,0.00,0.00
,NO LOCATION,2024-08-25 00:18:40,33.75°C,1007.80hPa,78.55%,0.00,0.00,0.00,363.90kOhms,0.00,0.00
,NO LOCATION,2024-08-25 00:18:41,33.75°C,1007.80hPa,78.53%,0.00,0.00,0.00,365.53kOhms,0.00,0.00
,NO LOCATION,2024-08-25 00:18:43,33.75°C,1007.80hPa,78.53%,0.00,0.00,0.00,362.70kOhms,0.00,0.00
,NO LOCATION,2024-08-25 00:18:43,33.75°C,1007.80hPa,78.53%,0.00,0.00,0.00,362.70kOhms,0.00,0.00
,NO LOCATION,2024-08-25 00:18:44,33.75°C,1007.80hPa,78.51%,0.00,0.00,0.00,364.71kOhms,0.00,0.00
,NO LOCATION,2024-08-25 00:18:45,33.76°C,1007.80hPa,78.51%,0.00,0.00,0.00,363.50kOhms,0.00,0.00
,NO LOCATION,2024-08-25 00:18:47,33.76°C,1007.79hPa,78.50%,0.00,0.00,0.00,364.71kOhms,0.00,0.00
,NO LOCATION,2024-08-25 00:18:47,33.76°C,1007.79hPa,78.50%,0.00,0.00,0.00,364.71kOhms,0.00,0.00
,NO LOCATION,2024-08-25 00:18:48,33.76°C,1007.80hPa,78.51%,0.00,0.00,0.00,364.71kOhms,0.00,0.00
,NO LOCATION,2024-08-25 00:18:49,33.76°C,1007.80hPa,78.48%,0.00,0.00,0.00,364.71kOhms,0.00,0.00
,NO LOCATION,2024-08-25 00:18:51,33.77°C,1007.79hPa,78.48%,0.00,0.00,0.00,363.50kOhms,0.00,0.00
,NO LOCATION,2024-08-25 00:18:51,33.77°C,1007.79hPa,78.48%,0.00,0.00,0.00,363.50kOhms,0.00,0.00
,NO LOCATION,2024-08-25 00:18:52,33.77°C,1007.80hPa,78.49%,0.00,0.00,0.00,362.70kOhms,0.00,0.00
,NO LOCATION,2024-08-25 00:18:54,33.77°C,1007.80hPa,78.50%,0.00,0.00,0.00,363.90kOhms,0.00,0.00
,NO LOCATION,2024-08-25 00:18:54,33.77°C,1007.80hPa,78.50%,0.00,0.00,0.00,363.90kOhms,0.00,0.00
,NO LOCATION,2024-08-25 00:18:55,33.78°C,1007.79hPa,78.51%,0.00,0.00,0.00,365.12kOhms,0.00,0.00
,NO LOCATION,2024-08-25 00:18:56,33.78°C,1007.78hPa,78.52%,0.00,0.00,0.00,365.12kOhms,0.00,0.00
,NO LOCATION,2024-08-25 00:18:58,33.79°C,1007.79hPa,78.53%,0.00,0.00,0.00,362.30kOhms,0.00,0.00
,NO LOCATION,2024-08-25 00:18:58,33.79°C,1007.79hPa,78.53%,0.00,0.00,0.00,362.30kOhms,0.00,0.00
,NO LOCATION,2024-08-25 00:18:59,33.79°C,1007.79hPa,78.54%,0.00,0.00,0.00,363.50kOhms,0.00,0.00
,NO LOCATION,2024-08-25 00:19:00,33.80°C,1007.79hPa,78.56%,0.00,0.00,0.00,362.30kOhms,0.00,0.00
,NO LOCATION,2024-08-25 00:19:02,33.80°C,1007.79hPa,78.56%,0.00,0.00,0.00,363.50kOhms,0.00,0.00
,NO LOCATION,2024-08-25 00:19:02,33.80°C,1007.79hPa,78.56%,0.00,0.00,0.00,363.50kOhms,0.00,0.00
,NO LOCATION,2024-08-25 00:19:03,33.81°C,1007.80hPa,78.58%,0.00,0.00,0.00,363.50kOhms,0.00,0.00
,NO LOCATION,2024-08-25 00:19:04,33.81°C,1007.79hPa,78.59%,0.00,0.00,0.00,361.90kOhms,0.00,0.00
,NO LOCATION,2024-08-25 00:19:06,33.82°C,1007.80hPa,78.59%,0.00,0.00,0.00,363.90kOhms,0.00,0.00
,NO LOCATION,2024-08-25 00:19:06,33.82°C,1007.80hPa,78.59%,0.00,0.00,0.00,363.90kOhms,0.00,0.00
,NO LOCATION,2024-08-25 00:19:07,33.82°C,1007.80hPa,78.60%,0.00,0.00,0.00,365.53kOhms,0.00,0.00
,NO LOCATION,2024-08-25 00:19:09,33.83°C,1007.80hPa,78.60%,0.00,0.00,0.00,361.50kOhms,0.00,0.00
,NO LOCATION,2024-08-25 00:19:09,33.83°C,1007.80hPa,78.60%,0.00,0.00,0.00,361.50kOhms,0.00,0.00
,NO LOCATION,2024-08-25 00:19:10,33.83°C,1007.80hPa,78.61%,0.00,0.00,0.00,362.30kOhms,0.00,0.00
,NO LOCATION,2024-08-25 00:19:11,33.83°C,1007.79hPa,78.64%,0.00,0.00,0.00,365.93kOhms,0.00,0.00
,NO LOCATION,2024-08-25 00:19:13,33.84°C,1007.80hPa,78.60%,0.00,0.00,0.00,364.31kOhms,0.00,0.00
,NO LOCATION,2024-08-25 00:19:13,33.84°C,1007.80hPa,78.60%,0.00,0.00,0.00,364.31kOhms,0.00,0.00
,NO LOCATION,2024-08-25 00:19:14,33.84°C,1007.79hPa,78.60%,0.00,0.00,0.00,363.50kOhms,0.00,0.00
,NO LOCATION,2024-08-25 00:19:15,33.84°C,1007.79hPa,78.57%,0.00,0.00,0.00,364.71kOhms,0.00,0.00
,NO LOCATION,2024-08-25 00:19:17,33.85°C,1007.79hPa,78.57%,0.00,0.00,0.00,363.50kOhms,0.00,0.00
,NO LOCATION,2024-08-25 00:19:17,33.85°C,1007.79hPa,78.57%,0.00,0.00,0.00,363.50kOhms,0.00,0.00
,NO LOCATION,2024-08-25 00:19:18,33.86°C,1007.79hPa,78.57%,0.00,0.00,0.00,367.16kOhms,0.00,0.00
,NO LOCATION,2024-08-25 00:19:20,33.86°C,1007.78hPa,78.56%,0.00,0.00,0.00,363.10kOhms,0.00,0.00
,NO LOCATION,2024-08-25 00:19:21,33.86°C,1007.79hPa,78.55%,0.00,0.00,0.00,362.70kOhms,0.00,0.00
,NO LOCATION,2024-08-25 00:19:21,33.86°C,1007.79hPa,78.55%,0.00,0.00,0.00,362.70kOhms,0.00,0.00
,NO LOCATION,2024-08-25 00:19:22,33.87°C,1007.79hPa,78.54%,0.00,0.00,0.00,365.12kOhms,0.00,0.00
,NO LOCATION,2024-08-25 00:19:24,33.87°C,1007.79hPa,78.53%,0.00,0.00,0.00,363.50kOhms,0.00,0.00
,NO LOCATION,2024-08-25 00:19:24,33.87°C,1007.79hPa,78.53%,0.00,0.00,0.00,363.50kOhms,0.00,0.00
,NO LOCATION,2024-08-25 00:19:25,33.87°C,1007.79hPa,78.52%,0.00,0.00,0.00,363.10kOhms,0.00,0.00
,NO LOCATION,2024-08-25 00:19:26,33.88°C,1007.79hPa,78.52%,0.00,0.00,0.00,363.50kOhms,0.00,0.00
,NO LOCATION,2024-08-25 00:19:28,33.88°C,1007.79hPa,78.51%,0.00,0.00,0.00,363.90kOhms,0.00,0.00
,NO LOCATION,2024-08-25 00:19:28,33.88°C,1007.79hPa,78.51%,0.00,0.00,0.00,363.90kOhms,0.00,0.00
,NO LOCATION,2024-08-25 00:19:29,33.88°C,1007.80hPa,78.53%,0.00,0.00,0.00,362.70kOhms,0.00,0.00
,NO LOCATION,2024-08-25 00:19:30,33.89°C,1007.80hPa,78.53%,0.00,0.00,0.00,364.71kOhms,0.00,0.00
,NO LOCATION,2024-08-25 00:19:32,33.89°C,1007.80hPa,78.55%,0.00,0.00,0.00,361.50kOhms,0.00,0.00
,NO LOCATION,2024-08-25 00:19:32,33.89°C,1007.80hPa,78.55%,0.00,0.00,0.00,361.50kOhms,0.00,0.00
,NO LOCATION,2024-08-25 00:19:33,33.90°C,1007.79hPa,78.55%,0.00,0.00,0.00,363.10kOhms,0.00,0.00
,NO LOCATION,2024-08-25 00:19:35,33.90°C,1007.79hPa,78.53%,0.00,0.00,0.00,363.90kOhms,0.00,0.00
,NO LOCATION,2024-08-25 00:19:36,33.91°C,1007.79hPa,78.53%,0.00,0.00,0.00,363.10kOhms,0.00,0.00
,NO LOCATION,2024-08-25 00:19:36,33.91°C,1007.79hPa,78.53%,0.00,0.00,0.00,363.10kOhms,0.00,0.00
,NO LOCATION,2024-08-25 00:19:37,33.91°C,1007.79hPa,78.51%,0.00,0.00,0.00,364.31kOhms,0.00,0.00
,NO LOCATION,2024-08-25 00:19:39,33.92°C,1007.80hPa,78.53%,0.00,0.00,0.00,361.50kOhms,0.00,0.00
,NO LOCATION,2024-08-25 00:19:39,33.92°C,1007.80hPa,78.53%,0.00,0.00,0.00,361.50kOhms,0.00,0.00
,NO LOCATION,2024-08-25 00:19:40,33.92°C,1007.79hPa,78.52%,0.00,0.00,0.00,361.50kOhms,0.00,0.00
,NO LOCATION,2024-08-25 00:19:41,33.93°C,1007.80hPa,78.53%,0.00,0.00,0.00,362.70kOhms,0.00,0.00
,NO LOCATION,2024-08-25 00:19:43,33.93°C,1007.80hPa,78.55%,0.00,0.00,0.00,359.13kOhms,0.00,0.00
,NO LOCATION,2024-08-25 00:19:43,33.93°C,1007.80hPa,78.55%,0.00,0.00,0.00,359.13kOhms,0.00,0.00
,NO LOCATION,2024-08-25 00:19:44,33.94°C,1007.79hPa,78.56%,0.00,0.00,0.00,364.71kOhms,0.00,0.00
,NO LOCATION,2024-08-25 00:19:46,33.94°C,1007.79hPa,78.53%,0.00,0.00,0.00,362.70kOhms,0.00,0.00
,NO LOCATION,2024-08-25 00:19:47,33.94°C,1007.80hPa,78.52%,0.00,0.00,0.00,362.30kOhms,0.00,0.00
,NO LOCATION,2024-08-25 00:19:47,33.94°C,1007.80hPa,78.52%,0.00,0.00,0.00,362.30kOhms,0.00,0.00
,NO LOCATION,2024-08-25 00:19:48,33.94°C,1007.80hPa,78.48%,0.00,0.00,0.00,363.50kOhms,0.00,0.00
,NO LOCATION,2024-08-25 00:19:50,33.95°C,1007.80hPa,78.46%,0.00,0.00,0.00,359.91kOhms,0.00,0.00
,NO LOCATION,2024-08-25 00:19:51,33.95°C,1007.79hPa,78.46%,0.00,0.00,0.00,360.31kOhms,0.00,0.00
,NO LOCATION,2024-08-25 00:19:51,33.95°C,1007.79hPa,78.46%,0.00,0.00,0.00,360.31kOhms,0.00,0.00
,NO LOCATION,2024-08-25 00:19:52,33.96°C,1007.80hPa,78.47%,0.00,0.00,0.00,360.70kOhms,0.00,0.00
,NO LOCATION,2024-08-25 00:19:54,33.96°C,1007.80hPa,78.52%,0.00,0.00,0.00,360.70kOhms,0.00,0.00
,NO LOCATION,2024-08-25 00:19:54,33.96°C,1007.80hPa,78.52%,0.00,0.00,0.00,360.70kOhms,0.00,0.00
,NO LOCATION,2024-08-25 00:19:55,33.96°C,1007.80hPa,78.59%,0.00,0.00,0.00,361.10kOhms,0.00,0.00
,NO LOCATION,2024-08-25 00:19:56,33.97°C,1007.80hPa,78.63%,0.00,0.00,0.00,361.10kOhms,0.00,0.00
,NO LOCATION,2024-08-25 00:19:58,33.97°C,1007.80hPa,78.68%,0.00,0.00,0.00,358.73kOhms,0.00,0.00
,NO LOCATION,2024-08-25 00:19:58,33.97°C,1007.80hPa,78.68%,0.00,0.00,0.00,358.73kOhms,0.00,0.00
,NO LOCATION,2024-08-25 00:19:59,33.97°C,1007.80hPa,78.71%,0.00,0.00,0.00,360.70kOhms,0.00,0.00
,NO LOCATION,2024-08-25 00:20:01,33.97°C,1007.81hPa,78.79%,0.00,0.00,0.00,361.10kOhms,0.00,0.00
,NO LOCATION,2024-08-25 00:20:02,33.98°C,1007.80hPa,78.81%,0.00,0.00,0.00,361.10kOhms,0.00,0.00
,NO LOCATION,2024-08-25 00:20:02,33.98°C,1007.80hPa,78.81%,0.00,0.00,0.00,361.10kOhms,0.00,0.00
,NO LOCATION,2024-08-25 00:20:03,33.98°C,1007.79hPa,78.79%,0.00,0.00,0.00,360.70kOhms,0.00,0.00
,NO LOCATION,2024-08-25 00:20:05,33.98°C,1007.79hPa,78.76%,0.00,0.00,0.00,361.90kOhms,0.00,0.00
,NO LOCATION,2024-08-25 00:20:06,33.98°C,1007.79hPa,78.73%,0.00,0.00,0.00,361.90kOhms,0.00,0.00
,NO LOCATION,2024-08-25 00:20:06,33.98°C,1007.79hPa,78.73%,0.00,0.00,0.00,361.90kOhms,0.00,0.00
,NO LOCATION,2024-08-25 00:20:07,33.99°C,1007.79hPa,78.67%,0.00,0.00,0.00,361.50kOhms,0.00,0.00
,NO LOCATION,2024-08-25 00:20:09,33.99°C,1007.79hPa,78.63%,0.00,0.00,0.00,361.50kOhms,0.00,0.00
,NO LOCATION,2024-08-25 00:20:09,33.99°C,1007.79hPa,78.63%,0.00,0.00,0.00,361.50kOhms,0.00,0.00
